WARNING: A terminally deprecated method in sun.misc.Unsafe has been called
WARNING: sun.misc.Unsafe::staticFieldBase has been called by com.google.inject.internal.aop.HiddenClassDefiner (file:/Users/benh/.m2/wrapper/dists/apache-maven-3.9.11/a2d47e15/lib/guice-5.1.0-classes.jar)
WARNING: Please consider reporting this to the maintainers of class com.google.inject.internal.aop.HiddenClassDefiner
WARNING: sun.misc.Unsafe::staticFieldBase will be removed in a future release
[INFO] Scanning for projects...
[INFO] 
[INFO] -------------< com.turningpoint:campus-chapter-organizer >--------------
[INFO] Building Campus Chapter Organizer 1.0.0-SNAPSHOT
[INFO]   from pom.xml
[INFO] --------------------------------[ jar ]---------------------------------
[INFO] 
[INFO] >>> spring-boot:3.1.5:run (default-cli) > test-compile @ campus-chapter-organizer >>>
[INFO] 
[INFO] --- resources:3.3.1:resources (default-resources) @ campus-chapter-organizer ---
[INFO] Copying 7 resources from src/main/resources to target/classes
[INFO] Copying 11 resources from src/main/resources to target/classes
[INFO] 
[INFO] --- compiler:3.11.0:compile (default-compile) @ campus-chapter-organizer ---
[INFO] Changes detected - recompiling the module! :source
[INFO] Compiling 116 source files with javac [debug release 17] to target/classes
[INFO] 
[INFO] --- resources:3.3.1:testResources (default-testResources) @ campus-chapter-organizer ---
[INFO] Copying 1 resource from src/test/resources to target/test-classes
[INFO] 
[INFO] --- compiler:3.11.0:testCompile (default-testCompile) @ campus-chapter-organizer ---
[INFO] Changes detected - recompiling the module! :dependency
[INFO] Compiling 22 source files with javac [debug release 17] to target/test-classes
[INFO] 
[INFO] <<< spring-boot:3.1.5:run (default-cli) < test-compile @ campus-chapter-organizer <<<
[INFO] 
[INFO] 
[INFO] --- spring-boot:3.1.5:run (default-cli) @ campus-chapter-organizer ---
[INFO] Attaching agents: []

  .   ____          _            __ _ _
 /\\ / ___'_ __ _ _(_)_ __  __ _ \ \ \ \
( ( )\___ | '_ | '_| | '_ \/ _` | \ \ \ \
 \\/  ___)| |_)| | | | | || (_| |  ) ) ) )
  '  |____| .__|_| |_|_| |_\__, | / / / /
 =========|_|==============|___/=/_/_/_/
 :: Spring Boot ::                (v3.1.5)

2025-11-08T09:04:32.273-07:00  INFO 51701 --- [  restartedMain] c.t.c.CampusChapterOrganizerApplication  : Starting CampusChapterOrganizerApplication using Java 25 with PID 51701 (/Users/benh/Documents/StartAChapter/target/classes started by benh in /Users/benh/Documents/StartAChapter)
2025-11-08T09:04:32.274-07:00 DEBUG 51701 --- [  restartedMain] c.t.c.CampusChapterOrganizerApplication  : Running with Spring Boot v3.1.5, Spring v6.0.13
2025-11-08T09:04:32.274-07:00  INFO 51701 --- [  restartedMain] c.t.c.CampusChapterOrganizerApplication  : No active profile set, falling back to 1 default profile: "default"
2025-11-08T09:04:32.291-07:00  INFO 51701 --- [  restartedMain] .e.DevToolsPropertyDefaultsPostProcessor : Devtools property defaults active! Set 'spring.devtools.add-properties' to 'false' to disable
2025-11-08T09:04:32.291-07:00  INFO 51701 --- [  restartedMain] .e.DevToolsPropertyDefaultsPostProcessor : For additional web related logging consider setting the 'logging.level.web' property to 'DEBUG'
2025-11-08T09:04:32.455-07:00  INFO 51701 --- [  restartedMain] .s.d.r.c.RepositoryConfigurationDelegate : Bootstrapping Spring Data JPA repositories in DEFAULT mode.
2025-11-08T09:04:32.471-07:00  INFO 51701 --- [  restartedMain] .s.d.r.c.RepositoryConfigurationDelegate : Finished Spring Data repository scanning in 14 ms. Found 4 JPA repository interfaces.
WARNING: A restricted method in java.lang.System has been called
WARNING: java.lang.System::load has been called by org.apache.tomcat.jni.Library in an unnamed module (file:/Users/benh/.m2/repository/org/apache/tomcat/embed/tomcat-embed-core/10.1.15/tomcat-embed-core-10.1.15.jar)
WARNING: Use --enable-native-access=ALL-UNNAMED to avoid a warning for callers in this module
WARNING: Restricted methods will be blocked in a future release unless native access is enabled

2025-11-08T09:04:32.628-07:00  INFO 51701 --- [  restartedMain] o.s.b.w.embedded.tomcat.TomcatWebServer  : Tomcat initialized with port(s): 8080 (http)
2025-11-08T09:04:32.631-07:00  INFO 51701 --- [  restartedMain] o.apache.catalina.core.StandardService   : Starting service [Tomcat]
2025-11-08T09:04:32.631-07:00  INFO 51701 --- [  restartedMain] o.apache.catalina.core.StandardEngine    : Starting Servlet engine: [Apache Tomcat/10.1.15]
2025-11-08T09:04:32.645-07:00  INFO 51701 --- [  restartedMain] o.a.c.c.C.[Tomcat].[localhost].[/]       : Initializing Spring embedded WebApplicationContext
2025-11-08T09:04:32.645-07:00  INFO 51701 --- [  restartedMain] w.s.c.ServletWebServerApplicationContext : Root WebApplicationContext: initialization completed in 354 ms
2025-11-08T09:04:32.653-07:00  INFO 51701 --- [  restartedMain] com.zaxxer.hikari.HikariDataSource       : HikariPool-1 - Starting...
2025-11-08T09:04:32.708-07:00  INFO 51701 --- [  restartedMain] com.zaxxer.hikari.pool.HikariPool        : HikariPool-1 - Added connection conn0: url=jdbc:h2:mem:chapterdb user=SA
2025-11-08T09:04:32.709-07:00  INFO 51701 --- [  restartedMain] com.zaxxer.hikari.HikariDataSource       : HikariPool-1 - Start completed.
2025-11-08T09:04:32.712-07:00  INFO 51701 --- [  restartedMain] o.s.b.a.h2.H2ConsoleAutoConfiguration    : H2 console available at '/h2-console'. Database available at 'jdbc:h2:mem:chapterdb'
2025-11-08T09:04:32.743-07:00  INFO 51701 --- [  restartedMain] o.hibernate.jpa.internal.util.LogHelper  : HHH000204: Processing PersistenceUnitInfo [name: default]
2025-11-08T09:04:32.753-07:00  INFO 51701 --- [  restartedMain] org.hibernate.Version                    : HHH000412: Hibernate ORM core version 6.2.13.Final
2025-11-08T09:04:32.754-07:00  INFO 51701 --- [  restartedMain] org.hibernate.cfg.Environment            : HHH000406: Using bytecode reflection optimizer
2025-11-08T09:04:32.810-07:00  INFO 51701 --- [  restartedMain] o.s.o.j.p.SpringPersistenceUnitInfo      : No LoadTimeWeaver setup: ignoring JPA class transformer
2025-11-08T09:04:32.821-07:00  WARN 51701 --- [  restartedMain] org.hibernate.orm.deprecation            : HHH90000025: H2Dialect does not need to be specified explicitly using 'hibernate.dialect' (remove the property setting and it will be selected by default)
2025-11-08T09:04:33.081-07:00  INFO 51701 --- [  restartedMain] o.h.e.t.j.p.i.JtaPlatformInitiator       : HHH000489: No JTA platform available (set 'hibernate.transaction.jta.platform' to enable JTA platform integration)
2025-11-08T09:04:33.085-07:00 DEBUG 51701 --- [  restartedMain] org.hibernate.SQL                        : 
    drop table if exists chapters cascade 
Hibernate: 
    drop table if exists chapters cascade 
2025-11-08T09:04:33.086-07:00 DEBUG 51701 --- [  restartedMain] org.hibernate.SQL                        : 
    drop table if exists events cascade 
Hibernate: 
    drop table if exists events cascade 
2025-11-08T09:04:33.086-07:00 DEBUG 51701 --- [  restartedMain] org.hibernate.SQL                        : 
    drop table if exists institutions cascade 
Hibernate: 
    drop table if exists institutions cascade 
2025-11-08T09:04:33.086-07:00 DEBUG 51701 --- [  restartedMain] org.hibernate.SQL                        : 
    drop table if exists members cascade 
Hibernate: 
    drop table if exists members cascade 
2025-11-08T09:04:33.089-07:00 DEBUG 51701 --- [  restartedMain] org.hibernate.SQL                        : 
    create table chapters (
        active boolean not null,
        created_at timestamp(6) not null,
        id bigint generated by default as identity,
        updated_at timestamp(6),
        state varchar(50) not null,
        city varchar(100) not null,
        name varchar(100) not null unique,
        university_name varchar(150) not null,
        description varchar(500),
        primary key (id)
    )
Hibernate: 
    create table chapters (
        active boolean not null,
        created_at timestamp(6) not null,
        id bigint generated by default as identity,
        updated_at timestamp(6),
        state varchar(50) not null,
        city varchar(100) not null,
        name varchar(100) not null unique,
        university_name varchar(150) not null,
        description varchar(500),
        primary key (id)
    )
2025-11-08T09:04:33.092-07:00 DEBUG 51701 --- [  restartedMain] org.hibernate.SQL                        : 
    create table events (
        active boolean not null,
        current_attendees integer,
        max_attendees integer,
        chapter_id bigint not null,
        created_at timestamp(6) not null,
        event_date_time timestamp(6) not null,
        id bigint generated by default as identity,
        updated_at timestamp(6),
        title varchar(150) not null,
        location varchar(200),
        description varchar(1000),
        type varchar(255) not null check (type in ('MEETING','SOCIAL','FUNDRAISER','VOLUNTEER','EDUCATIONAL','POLITICAL','NETWORKING','RECRUITMENT','OTHER')),
        primary key (id)
    )
Hibernate: 
    create table events (
        active boolean not null,
        current_attendees integer,
        max_attendees integer,
        chapter_id bigint not null,
        created_at timestamp(6) not null,
        event_date_time timestamp(6) not null,
        id bigint generated by default as identity,
        updated_at timestamp(6),
        title varchar(150) not null,
        location varchar(200),
        description varchar(1000),
        type varchar(255) not null check (type in ('MEETING','SOCIAL','FUNDRAISER','VOLUNTEER','EDUCATIONAL','POLITICAL','NETWORKING','RECRUITMENT','OTHER')),
        primary key (id)
    )
2025-11-08T09:04:33.093-07:00 DEBUG 51701 --- [  restartedMain] org.hibernate.SQL                        : 
    create table institutions (
        student_count integer,
        id bigint generated by default as identity,
        country varchar(255),
        location varchar(255),
        name varchar(255) not null,
        state varchar(255),
        type varchar(255),
        website varchar(255),
        primary key (id)
    )
Hibernate: 
    create table institutions (
        student_count integer,
        id bigint generated by default as identity,
        country varchar(255),
        location varchar(255),
        name varchar(255) not null,
        state varchar(255),
        type varchar(255),
        website varchar(255),
        primary key (id)
    )
2025-11-08T09:04:33.094-07:00 DEBUG 51701 --- [  restartedMain] org.hibernate.SQL                        : 
    create table members (
        active boolean not null,
        chapter_id bigint,
        created_at timestamp(6) not null,
        id bigint generated by default as identity,
        updated_at timestamp(6),
        phone_number varchar(15),
        graduation_year varchar(20),
        username varchar(30) unique,
        first_name varchar(50) not null,
        last_name varchar(50) not null,
        major varchar(50),
        email varchar(255) not null unique,
        password varchar(255),
        role varchar(255) not null check (role in ('PRESIDENT','VICE_PRESIDENT','SECRETARY','TREASURER','OFFICER','MEMBER')),
        primary key (id)
    )
Hibernate: 
    create table members (
        active boolean not null,
        chapter_id bigint,
        created_at timestamp(6) not null,
        id bigint generated by default as identity,
        updated_at timestamp(6),
        phone_number varchar(15),
        graduation_year varchar(20),
        username varchar(30) unique,
        first_name varchar(50) not null,
        last_name varchar(50) not null,
        major varchar(50),
        email varchar(255) not null unique,
        password varchar(255),
        role varchar(255) not null check (role in ('PRESIDENT','VICE_PRESIDENT','SECRETARY','TREASURER','OFFICER','MEMBER')),
        primary key (id)
    )
2025-11-08T09:04:33.095-07:00 DEBUG 51701 --- [  restartedMain] org.hibernate.SQL                        : 
    alter table if exists events 
       add constraint FKoh3x41cbsvxy46mbsb8baw2np 
       foreign key (chapter_id) 
       references chapters
Hibernate: 
    alter table if exists events 
       add constraint FKoh3x41cbsvxy46mbsb8baw2np 
       foreign key (chapter_id) 
       references chapters
2025-11-08T09:04:33.098-07:00 DEBUG 51701 --- [  restartedMain] org.hibernate.SQL                        : 
    alter table if exists members 
       add constraint FKdlonkpslhqtyoonq9c3aaqha 
       foreign key (chapter_id) 
       references chapters
Hibernate: 
    alter table if exists members 
       add constraint FKdlonkpslhqtyoonq9c3aaqha 
       foreign key (chapter_id) 
       references chapters
2025-11-08T09:04:33.099-07:00  INFO 51701 --- [  restartedMain] j.LocalContainerEntityManagerFactoryBean : Initialized JPA EntityManagerFactory for persistence unit 'default'
2025-11-08T09:04:33.196-07:00  INFO 51701 --- [  restartedMain] o.s.d.j.r.query.QueryEnhancerFactory     : Hibernate is in classpath; If applicable, HQL parser will be used.
2025-11-08T09:04:33.463-07:00  WARN 51701 --- [  restartedMain] JpaBaseConfiguration$JpaWebConfiguration : spring.jpa.open-in-view is enabled by default. Therefore, database queries may be performed during view rendering. Explicitly configure spring.jpa.open-in-view to disable this warning
2025-11-08T09:04:33.500-07:00  INFO 51701 --- [  restartedMain] o.s.b.a.w.s.WelcomePageHandlerMapping    : Adding welcome page: class path resource [static/index.html]
2025-11-08T09:04:33.533-07:00  WARN 51701 --- [  restartedMain] ion$DefaultTemplateResolverConfiguration : Cannot find template location: classpath:/templates/ (please add some templates, check your Thymeleaf configuration, or set spring.thymeleaf.check-template-location=false)
2025-11-08T09:04:33.561-07:00  INFO 51701 --- [  restartedMain] o.s.b.d.a.OptionalLiveReloadServer       : LiveReload server is running on port 35729
2025-11-08T09:04:33.569-07:00  INFO 51701 --- [  restartedMain] o.s.b.w.embedded.tomcat.TomcatWebServer  : Tomcat started on port(s): 8080 (http) with context path ''
2025-11-08T09:04:33.572-07:00  INFO 51701 --- [  restartedMain] c.t.c.CampusChapterOrganizerApplication  : Started CampusChapterOrganizerApplication in 1.4 seconds (process running for 1.512)
2025-11-08T09:04:47.904-07:00  INFO 51701 --- [nio-8080-exec-1] o.a.c.c.C.[Tomcat].[localhost].[/]       : Initializing Spring DispatcherServlet 'dispatcherServlet'
2025-11-08T09:04:47.904-07:00  INFO 51701 --- [nio-8080-exec-1] o.s.web.servlet.DispatcherServlet        : Initializing Servlet 'dispatcherServlet'
2025-11-08T09:04:47.905-07:00  INFO 51701 --- [nio-8080-exec-1] o.s.web.servlet.DispatcherServlet        : Completed initialization in 1 ms
2025-11-08T09:04:47.953-07:00 DEBUG 51701 --- [nio-8080-exec-1] org.hibernate.SQL                        : 
    select
        m1_0.id,
        m1_0.active,
        m1_0.chapter_id,
        m1_0.created_at,
        m1_0.email,
        m1_0.first_name,
        m1_0.graduation_year,
        m1_0.last_name,
        m1_0.major,
        m1_0.password,
        m1_0.phone_number,
        m1_0.role,
        m1_0.updated_at,
        m1_0.username 
    from
        members m1_0 
    where
        m1_0.username=?
Hibernate: 
    select
        m1_0.id,
        m1_0.active,
        m1_0.chapter_id,
        m1_0.created_at,
        m1_0.email,
        m1_0.first_name,
        m1_0.graduation_year,
        m1_0.last_name,
        m1_0.major,
        m1_0.password,
        m1_0.phone_number,
        m1_0.role,
        m1_0.updated_at,
        m1_0.username 
    from
        members m1_0 
    where
        m1_0.username=?
2025-11-08T09:04:47.959-07:00 DEBUG 51701 --- [nio-8080-exec-1] org.hibernate.SQL                        : 
    select
        m1_0.id,
        m1_0.active,
        m1_0.chapter_id,
        m1_0.created_at,
        m1_0.email,
        m1_0.first_name,
        m1_0.graduation_year,
        m1_0.last_name,
        m1_0.major,
        m1_0.password,
        m1_0.phone_number,
        m1_0.role,
        m1_0.updated_at,
        m1_0.username 
    from
        members m1_0 
    where
        m1_0.email=?
Hibernate: 
    select
        m1_0.id,
        m1_0.active,
        m1_0.chapter_id,
        m1_0.created_at,
        m1_0.email,
        m1_0.first_name,
        m1_0.graduation_year,
        m1_0.last_name,
        m1_0.major,
        m1_0.password,
        m1_0.phone_number,
        m1_0.role,
        m1_0.updated_at,
        m1_0.username 
    from
        members m1_0 
    where
        m1_0.email=?
2025-11-08T09:04:47.972-07:00 DEBUG 51701 --- [nio-8080-exec-1] org.hibernate.SQL                        : 
    insert 
    into
        members
        (active,chapter_id,created_at,email,first_name,graduation_year,last_name,major,password,phone_number,role,updated_at,username,id) 
    values
        (?,?,?,?,?,?,?,?,?,?,?,?,?,default)
Hibernate: 
    insert 
    into
        members
        (active,chapter_id,created_at,email,first_name,graduation_year,last_name,major,password,phone_number,role,updated_at,username,id) 
    values
        (?,?,?,?,?,?,?,?,?,?,?,?,?,default)
2025-11-08T09:04:55.002-07:00 DEBUG 51701 --- [nio-8080-exec-3] org.hibernate.SQL                        : 
    select
        m1_0.id,
        m1_0.active,
        m1_0.chapter_id,
        m1_0.created_at,
        m1_0.email,
        m1_0.first_name,
        m1_0.graduation_year,
        m1_0.last_name,
        m1_0.major,
        m1_0.password,
        m1_0.phone_number,
        m1_0.role,
        m1_0.updated_at,
        m1_0.username 
    from
        members m1_0 
    where
        m1_0.username=?
Hibernate: 
    select
        m1_0.id,
        m1_0.active,
        m1_0.chapter_id,
        m1_0.created_at,
        m1_0.email,
        m1_0.first_name,
        m1_0.graduation_year,
        m1_0.last_name,
        m1_0.major,
        m1_0.password,
        m1_0.phone_number,
        m1_0.role,
        m1_0.updated_at,
        m1_0.username 
    from
        members m1_0 
    where
        m1_0.username=?
2025-11-08T09:07:38.635-07:00 ERROR 51701 --- [nio-8080-exec-7] c.t.c.controller.GlobalExceptionHandler  : 🔥 GLOBAL EXCEPTION CAUGHT: Request method 'GET' is not supported

org.springframework.web.HttpRequestMethodNotSupportedException: Request method 'GET' is not supported
	at org.springframework.web.servlet.mvc.method.RequestMappingInfoHandlerMapping.handleNoMatch(RequestMappingInfoHandlerMapping.java:265) ~[spring-webmvc-6.0.13.jar:6.0.13]
	at org.springframework.web.servlet.handler.AbstractHandlerMethodMapping.lookupHandlerMethod(AbstractHandlerMethodMapping.java:441) ~[spring-webmvc-6.0.13.jar:6.0.13]
	at org.springframework.web.servlet.handler.AbstractHandlerMethodMapping.getHandlerInternal(AbstractHandlerMethodMapping.java:382) ~[spring-webmvc-6.0.13.jar:6.0.13]
	at org.springframework.web.servlet.mvc.method.RequestMappingInfoHandlerMapping.getHandlerInternal(RequestMappingInfoHandlerMapping.java:126) ~[spring-webmvc-6.0.13.jar:6.0.13]
	at org.springframework.web.servlet.mvc.method.RequestMappingInfoHandlerMapping.getHandlerInternal(RequestMappingInfoHandlerMapping.java:68) ~[spring-webmvc-6.0.13.jar:6.0.13]
	at org.springframework.web.servlet.handler.AbstractHandlerMapping.getHandler(AbstractHandlerMapping.java:505) ~[spring-webmvc-6.0.13.jar:6.0.13]
	at org.springframework.web.servlet.DispatcherServlet.getHandler(DispatcherServlet.java:1275) ~[spring-webmvc-6.0.13.jar:6.0.13]
	at org.springframework.web.servlet.DispatcherServlet.doDispatch(DispatcherServlet.java:1057) ~[spring-webmvc-6.0.13.jar:6.0.13]
	at org.springframework.web.servlet.DispatcherServlet.doService(DispatcherServlet.java:974) ~[spring-webmvc-6.0.13.jar:6.0.13]
	at org.springframework.web.servlet.FrameworkServlet.processRequest(FrameworkServlet.java:1011) ~[spring-webmvc-6.0.13.jar:6.0.13]
	at org.springframework.web.servlet.FrameworkServlet.doGet(FrameworkServlet.java:903) ~[spring-webmvc-6.0.13.jar:6.0.13]
	at jakarta.servlet.http.HttpServlet.service(HttpServlet.java:564) ~[tomcat-embed-core-10.1.15.jar:6.0]
	at org.springframework.web.servlet.FrameworkServlet.service(FrameworkServlet.java:885) ~[spring-webmvc-6.0.13.jar:6.0.13]
	at jakarta.servlet.http.HttpServlet.service(HttpServlet.java:658) ~[tomcat-embed-core-10.1.15.jar:6.0]
	at org.apache.catalina.core.ApplicationFilterChain.internalDoFilter(ApplicationFilterChain.java:205) ~[tomcat-embed-core-10.1.15.jar:10.1.15]
	at org.apache.catalina.core.ApplicationFilterChain.doFilter(ApplicationFilterChain.java:149) ~[tomcat-embed-core-10.1.15.jar:10.1.15]
	at org.apache.tomcat.websocket.server.WsFilter.doFilter(WsFilter.java:51) ~[tomcat-embed-websocket-10.1.15.jar:10.1.15]
	at org.apache.catalina.core.ApplicationFilterChain.internalDoFilter(ApplicationFilterChain.java:174) ~[tomcat-embed-core-10.1.15.jar:10.1.15]
	at org.apache.catalina.core.ApplicationFilterChain.doFilter(ApplicationFilterChain.java:149) ~[tomcat-embed-core-10.1.15.jar:10.1.15]
	at org.springframework.web.filter.AbstractRequestLoggingFilter.doFilterInternal(AbstractRequestLoggingFilter.java:289) ~[spring-web-6.0.13.jar:6.0.13]
	at org.springframework.web.filter.OncePerRequestFilter.doFilter(OncePerRequestFilter.java:116) ~[spring-web-6.0.13.jar:6.0.13]
	at org.apache.catalina.core.ApplicationFilterChain.internalDoFilter(ApplicationFilterChain.java:174) ~[tomcat-embed-core-10.1.15.jar:10.1.15]
	at org.apache.catalina.core.ApplicationFilterChain.doFilter(ApplicationFilterChain.java:149) ~[tomcat-embed-core-10.1.15.jar:10.1.15]
	at org.springframework.web.filter.RequestContextFilter.doFilterInternal(RequestContextFilter.java:100) ~[spring-web-6.0.13.jar:6.0.13]
	at org.springframework.web.filter.OncePerRequestFilter.doFilter(OncePerRequestFilter.java:116) ~[spring-web-6.0.13.jar:6.0.13]
	at org.apache.catalina.core.ApplicationFilterChain.internalDoFilter(ApplicationFilterChain.java:174) ~[tomcat-embed-core-10.1.15.jar:10.1.15]
	at org.apache.catalina.core.ApplicationFilterChain.doFilter(ApplicationFilterChain.java:149) ~[tomcat-embed-core-10.1.15.jar:10.1.15]
	at org.springframework.web.filter.FormContentFilter.doFilterInternal(FormContentFilter.java:93) ~[spring-web-6.0.13.jar:6.0.13]
	at org.springframework.web.filter.OncePerRequestFilter.doFilter(OncePerRequestFilter.java:116) ~[spring-web-6.0.13.jar:6.0.13]
	at org.apache.catalina.core.ApplicationFilterChain.internalDoFilter(ApplicationFilterChain.java:174) ~[tomcat-embed-core-10.1.15.jar:10.1.15]
	at org.apache.catalina.core.ApplicationFilterChain.doFilter(ApplicationFilterChain.java:149) ~[tomcat-embed-core-10.1.15.jar:10.1.15]
	at org.springframework.web.filter.CharacterEncodingFilter.doFilterInternal(CharacterEncodingFilter.java:201) ~[spring-web-6.0.13.jar:6.0.13]
	at org.springframework.web.filter.OncePerRequestFilter.doFilter(OncePerRequestFilter.java:116) ~[spring-web-6.0.13.jar:6.0.13]
	at org.apache.catalina.core.ApplicationFilterChain.internalDoFilter(ApplicationFilterChain.java:174) ~[tomcat-embed-core-10.1.15.jar:10.1.15]
	at org.apache.catalina.core.ApplicationFilterChain.doFilter(ApplicationFilterChain.java:149) ~[tomcat-embed-core-10.1.15.jar:10.1.15]
	at org.apache.catalina.core.StandardWrapperValve.invoke(StandardWrapperValve.java:167) ~[tomcat-embed-core-10.1.15.jar:10.1.15]
	at org.apache.catalina.core.StandardContextValve.invoke(StandardContextValve.java:90) ~[tomcat-embed-core-10.1.15.jar:10.1.15]
	at org.apache.catalina.authenticator.AuthenticatorBase.invoke(AuthenticatorBase.java:482) ~[tomcat-embed-core-10.1.15.jar:10.1.15]
	at org.apache.catalina.core.StandardHostValve.invoke(StandardHostValve.java:115) ~[tomcat-embed-core-10.1.15.jar:10.1.15]
	at org.apache.catalina.valves.ErrorReportValve.invoke(ErrorReportValve.java:93) ~[tomcat-embed-core-10.1.15.jar:10.1.15]
	at org.apache.catalina.core.StandardEngineValve.invoke(StandardEngineValve.java:74) ~[tomcat-embed-core-10.1.15.jar:10.1.15]
	at org.apache.catalina.connector.CoyoteAdapter.service(CoyoteAdapter.java:340) ~[tomcat-embed-core-10.1.15.jar:10.1.15]
	at org.apache.coyote.http11.Http11Processor.service(Http11Processor.java:391) ~[tomcat-embed-core-10.1.15.jar:10.1.15]
	at org.apache.coyote.AbstractProcessorLight.process(AbstractProcessorLight.java:63) ~[tomcat-embed-core-10.1.15.jar:10.1.15]
	at org.apache.coyote.AbstractProtocol$ConnectionHandler.process(AbstractProtocol.java:896) ~[tomcat-embed-core-10.1.15.jar:10.1.15]
	at org.apache.tomcat.util.net.NioEndpoint$SocketProcessor.doRun(NioEndpoint.java:1744) ~[tomcat-embed-core-10.1.15.jar:10.1.15]
	at org.apache.tomcat.util.net.SocketProcessorBase.run(SocketProcessorBase.java:52) ~[tomcat-embed-core-10.1.15.jar:10.1.15]
	at org.apache.tomcat.util.threads.ThreadPoolExecutor.runWorker(ThreadPoolExecutor.java:1191) ~[tomcat-embed-core-10.1.15.jar:10.1.15]
	at org.apache.tomcat.util.threads.ThreadPoolExecutor$Worker.run(ThreadPoolExecutor.java:659) ~[tomcat-embed-core-10.1.15.jar:10.1.15]
	at org.apache.tomcat.util.threads.TaskThread$WrappingRunnable.run(TaskThread.java:61) ~[tomcat-embed-core-10.1.15.jar:10.1.15]
	at java.base/java.lang.Thread.run(Thread.java:1474) ~[na:na]

2025-11-08T09:07:38.637-07:00 ERROR 51701 --- [nio-8080-exec-7] c.t.c.controller.GlobalExceptionHandler  : 🔍 Request URL: uri=/api/auth/login
2025-11-08T09:07:38.637-07:00 ERROR 51701 --- [nio-8080-exec-7] c.t.c.controller.GlobalExceptionHandler  : 📋 Exception Type: HttpRequestMethodNotSupportedException
2025-11-08T09:07:38.638-07:00  WARN 51701 --- [nio-8080-exec-7] .m.m.a.ExceptionHandlerExceptionResolver : Resolved [org.springframework.web.HttpRequestMethodNotSupportedException: Request method 'GET' is not supported]
2025-11-08T09:07:51.454-07:00 DEBUG 51701 --- [nio-8080-exec-8] org.hibernate.SQL                        : 
    select
        m1_0.id,
        m1_0.active,
        m1_0.chapter_id,
        m1_0.created_at,
        m1_0.email,
        m1_0.first_name,
        m1_0.graduation_year,
        m1_0.last_name,
        m1_0.major,
        m1_0.password,
        m1_0.phone_number,
        m1_0.role,
        m1_0.updated_at,
        m1_0.username 
    from
        members m1_0 
    where
        m1_0.username=?
Hibernate: 
    select
        m1_0.id,
        m1_0.active,
        m1_0.chapter_id,
        m1_0.created_at,
        m1_0.email,
        m1_0.first_name,
        m1_0.graduation_year,
        m1_0.last_name,
        m1_0.major,
        m1_0.password,
        m1_0.phone_number,
        m1_0.role,
        m1_0.updated_at,
        m1_0.username 
    from
        members m1_0 
    where
        m1_0.username=?
2025-11-08T09:07:51.455-07:00 DEBUG 51701 --- [nio-8080-exec-8] org.hibernate.SQL                        : 
    select
        m1_0.id,
        m1_0.active,
        m1_0.chapter_id,
        m1_0.created_at,
        m1_0.email,
        m1_0.first_name,
        m1_0.graduation_year,
        m1_0.last_name,
        m1_0.major,
        m1_0.password,
        m1_0.phone_number,
        m1_0.role,
        m1_0.updated_at,
        m1_0.username 
    from
        members m1_0 
    where
        m1_0.email=?
Hibernate: 
    select
        m1_0.id,
        m1_0.active,
        m1_0.chapter_id,
        m1_0.created_at,
        m1_0.email,
        m1_0.first_name,
        m1_0.graduation_year,
        m1_0.last_name,
        m1_0.major,
        m1_0.password,
        m1_0.phone_number,
        m1_0.role,
        m1_0.updated_at,
        m1_0.username 
    from
        members m1_0 
    where
        m1_0.email=?
2025-11-08T09:07:51.456-07:00 DEBUG 51701 --- [nio-8080-exec-8] org.hibernate.SQL                        : 
    insert 
    into
        members
        (active,chapter_id,created_at,email,first_name,graduation_year,last_name,major,password,phone_number,role,updated_at,username,id) 
    values
        (?,?,?,?,?,?,?,?,?,?,?,?,?,default)
Hibernate: 
    insert 
    into
        members
        (active,chapter_id,created_at,email,first_name,graduation_year,last_name,major,password,phone_number,role,updated_at,username,id) 
    values
        (?,?,?,?,?,?,?,?,?,?,?,?,?,default)
2025-11-08T09:08:04.907-07:00 DEBUG 51701 --- [io-8080-exec-10] org.hibernate.SQL                        : 
    select
        m1_0.id,
        m1_0.active,
        m1_0.chapter_id,
        m1_0.created_at,
        m1_0.email,
        m1_0.first_name,
        m1_0.graduation_year,
        m1_0.last_name,
        m1_0.major,
        m1_0.password,
        m1_0.phone_number,
        m1_0.role,
        m1_0.updated_at,
        m1_0.username 
    from
        members m1_0 
    where
        m1_0.username=?
Hibernate: 
    select
        m1_0.id,
        m1_0.active,
        m1_0.chapter_id,
        m1_0.created_at,
        m1_0.email,
        m1_0.first_name,
        m1_0.graduation_year,
        m1_0.last_name,
        m1_0.major,
        m1_0.password,
        m1_0.phone_number,
        m1_0.role,
        m1_0.updated_at,
        m1_0.username 
    from
        members m1_0 
    where
        m1_0.username=?
2025-11-08T09:08:04.908-07:00 DEBUG 51701 --- [io-8080-exec-10] org.hibernate.SQL                        : 
    select
        m1_0.id,
        m1_0.active,
        m1_0.chapter_id,
        m1_0.created_at,
        m1_0.email,
        m1_0.first_name,
        m1_0.graduation_year,
        m1_0.last_name,
        m1_0.major,
        m1_0.password,
        m1_0.phone_number,
        m1_0.role,
        m1_0.updated_at,
        m1_0.username 
    from
        members m1_0 
    where
        m1_0.email=?
Hibernate: 
    select
        m1_0.id,
        m1_0.active,
        m1_0.chapter_id,
        m1_0.created_at,
        m1_0.email,
        m1_0.first_name,
        m1_0.graduation_year,
        m1_0.last_name,
        m1_0.major,
        m1_0.password,
        m1_0.phone_number,
        m1_0.role,
        m1_0.updated_at,
        m1_0.username 
    from
        members m1_0 
    where
        m1_0.email=?
2025-11-08T09:08:04.908-07:00 DEBUG 51701 --- [io-8080-exec-10] org.hibernate.SQL                        : 
    insert 
    into
        members
        (active,chapter_id,created_at,email,first_name,graduation_year,last_name,major,password,phone_number,role,updated_at,username,id) 
    values
        (?,?,?,?,?,?,?,?,?,?,?,?,?,default)
Hibernate: 
    insert 
    into
        members
        (active,chapter_id,created_at,email,first_name,graduation_year,last_name,major,password,phone_number,role,updated_at,username,id) 
    values
        (?,?,?,?,?,?,?,?,?,?,?,?,?,default)
2025-11-08T09:09:14.644-07:00 DEBUG 51701 --- [nio-8080-exec-1] org.hibernate.SQL                        : 
    select
        c1_0.id,
        c1_0.active,
        c1_0.city,
        c1_0.created_at,
        c1_0.description,
        c1_0.name,
        c1_0.state,
        c1_0.university_name,
        c1_0.updated_at 
    from
        chapters c1_0 
    where
        c1_0.active
Hibernate: 
    select
        c1_0.id,
        c1_0.active,
        c1_0.city,
        c1_0.created_at,
        c1_0.description,
        c1_0.name,
        c1_0.state,
        c1_0.university_name,
        c1_0.updated_at 
    from
        chapters c1_0 
    where
        c1_0.active
2025-11-08T09:11:35.478-07:00 DEBUG 51701 --- [nio-8080-exec-6] org.hibernate.SQL                        : 
    select
        m1_0.id,
        m1_0.active,
        m1_0.chapter_id,
        m1_0.created_at,
        m1_0.email,
        m1_0.first_name,
        m1_0.graduation_year,
        m1_0.last_name,
        m1_0.major,
        m1_0.password,
        m1_0.phone_number,
        m1_0.role,
        m1_0.updated_at,
        m1_0.username 
    from
        members m1_0 
    where
        m1_0.username=?
Hibernate: 
    select
        m1_0.id,
        m1_0.active,
        m1_0.chapter_id,
        m1_0.created_at,
        m1_0.email,
        m1_0.first_name,
        m1_0.graduation_year,
        m1_0.last_name,
        m1_0.major,
        m1_0.password,
        m1_0.phone_number,
        m1_0.role,
        m1_0.updated_at,
        m1_0.username 
    from
        members m1_0 
    where
        m1_0.username=?
2025-11-08T09:11:35.480-07:00 DEBUG 51701 --- [nio-8080-exec-6] org.hibernate.SQL                        : 
    select
        m1_0.id,
        m1_0.active,
        m1_0.chapter_id,
        m1_0.created_at,
        m1_0.email,
        m1_0.first_name,
        m1_0.graduation_year,
        m1_0.last_name,
        m1_0.major,
        m1_0.password,
        m1_0.phone_number,
        m1_0.role,
        m1_0.updated_at,
        m1_0.username 
    from
        members m1_0 
    where
        m1_0.email=?
Hibernate: 
    select
        m1_0.id,
        m1_0.active,
        m1_0.chapter_id,
        m1_0.created_at,
        m1_0.email,
        m1_0.first_name,
        m1_0.graduation_year,
        m1_0.last_name,
        m1_0.major,
        m1_0.password,
        m1_0.phone_number,
        m1_0.role,
        m1_0.updated_at,
        m1_0.username 
    from
        members m1_0 
    where
        m1_0.email=?
2025-11-08T09:11:35.481-07:00 DEBUG 51701 --- [nio-8080-exec-6] org.hibernate.SQL                        : 
    insert 
    into
        members
        (active,chapter_id,created_at,email,first_name,graduation_year,last_name,major,password,phone_number,role,updated_at,username,id) 
    values
        (?,?,?,?,?,?,?,?,?,?,?,?,?,default)
Hibernate: 
    insert 
    into
        members
        (active,chapter_id,created_at,email,first_name,graduation_year,last_name,major,password,phone_number,role,updated_at,username,id) 
    values
        (?,?,?,?,?,?,?,?,?,?,?,?,?,default)
2025-11-08T09:13:20.841-07:00 DEBUG 51701 --- [nio-8080-exec-8] org.hibernate.SQL                        : 
    select
        c1_0.id,
        c1_0.active,
        c1_0.city,
        c1_0.created_at,
        c1_0.description,
        c1_0.name,
        c1_0.state,
        c1_0.university_name,
        c1_0.updated_at 
    from
        chapters c1_0 
    where
        c1_0.active
Hibernate: 
    select
        c1_0.id,
        c1_0.active,
        c1_0.city,
        c1_0.created_at,
        c1_0.description,
        c1_0.name,
        c1_0.state,
        c1_0.university_name,
        c1_0.updated_at 
    from
        chapters c1_0 
    where
        c1_0.active
2025-11-08T09:13:34.419-07:00 DEBUG 51701 --- [io-8080-exec-10] org.hibernate.SQL                        : 
    select
        c1_0.id,
        c1_0.active,
        c1_0.city,
        c1_0.created_at,
        c1_0.description,
        c1_0.name,
        c1_0.state,
        c1_0.university_name,
        c1_0.updated_at 
    from
        chapters c1_0 
    where
        c1_0.active
Hibernate: 
    select
        c1_0.id,
        c1_0.active,
        c1_0.city,
        c1_0.created_at,
        c1_0.description,
        c1_0.name,
        c1_0.state,
        c1_0.university_name,
        c1_0.updated_at 
    from
        chapters c1_0 
    where
        c1_0.active
2025-11-08T09:14:13.185-07:00 DEBUG 51701 --- [nio-8080-exec-3] org.hibernate.SQL                        : 
    select
        c1_0.id,
        c1_0.active,
        c1_0.city,
        c1_0.created_at,
        c1_0.description,
        c1_0.name,
        c1_0.state,
        c1_0.university_name,
        c1_0.updated_at 
    from
        chapters c1_0 
    where
        c1_0.active
Hibernate: 
    select
        c1_0.id,
        c1_0.active,
        c1_0.city,
        c1_0.created_at,
        c1_0.description,
        c1_0.name,
        c1_0.state,
        c1_0.university_name,
        c1_0.updated_at 
    from
        chapters c1_0 
    where
        c1_0.active
2025-11-08T09:14:42.831-07:00 DEBUG 51701 --- [nio-8080-exec-5] org.hibernate.SQL                        : 
    select
        m1_0.id,
        m1_0.active,
        m1_0.chapter_id,
        m1_0.created_at,
        m1_0.email,
        m1_0.first_name,
        m1_0.graduation_year,
        m1_0.last_name,
        m1_0.major,
        m1_0.password,
        m1_0.phone_number,
        m1_0.role,
        m1_0.updated_at,
        m1_0.username 
    from
        members m1_0 
    where
        m1_0.username=?
Hibernate: 
    select
        m1_0.id,
        m1_0.active,
        m1_0.chapter_id,
        m1_0.created_at,
        m1_0.email,
        m1_0.first_name,
        m1_0.graduation_year,
        m1_0.last_name,
        m1_0.major,
        m1_0.password,
        m1_0.phone_number,
        m1_0.role,
        m1_0.updated_at,
        m1_0.username 
    from
        members m1_0 
    where
        m1_0.username=?
2025-11-08T09:15:22.716-07:00 DEBUG 51701 --- [nio-8080-exec-8] org.hibernate.SQL                        : 
    select
        m1_0.id,
        m1_0.active,
        m1_0.chapter_id,
        m1_0.created_at,
        m1_0.email,
        m1_0.first_name,
        m1_0.graduation_year,
        m1_0.last_name,
        m1_0.major,
        m1_0.password,
        m1_0.phone_number,
        m1_0.role,
        m1_0.updated_at,
        m1_0.username 
    from
        members m1_0 
    where
        m1_0.username=?
Hibernate: 
    select
        m1_0.id,
        m1_0.active,
        m1_0.chapter_id,
        m1_0.created_at,
        m1_0.email,
        m1_0.first_name,
        m1_0.graduation_year,
        m1_0.last_name,
        m1_0.major,
        m1_0.password,
        m1_0.phone_number,
        m1_0.role,
        m1_0.updated_at,
        m1_0.username 
    from
        members m1_0 
    where
        m1_0.username=?
2025-11-08T09:16:31.868-07:00 DEBUG 51701 --- [io-8080-exec-10] org.hibernate.SQL                        : 
    select
        m1_0.id,
        m1_0.active,
        m1_0.chapter_id,
        m1_0.created_at,
        m1_0.email,
        m1_0.first_name,
        m1_0.graduation_year,
        m1_0.last_name,
        m1_0.major,
        m1_0.password,
        m1_0.phone_number,
        m1_0.role,
        m1_0.updated_at,
        m1_0.username 
    from
        members m1_0 
    where
        m1_0.username=?
Hibernate: 
    select
        m1_0.id,
        m1_0.active,
        m1_0.chapter_id,
        m1_0.created_at,
        m1_0.email,
        m1_0.first_name,
        m1_0.graduation_year,
        m1_0.last_name,
        m1_0.major,
        m1_0.password,
        m1_0.phone_number,
        m1_0.role,
        m1_0.updated_at,
        m1_0.username 
    from
        members m1_0 
    where
        m1_0.username=?
2025-11-08T09:16:31.870-07:00 DEBUG 51701 --- [io-8080-exec-10] org.hibernate.SQL                        : 
    select
        m1_0.id,
        m1_0.active,
        m1_0.chapter_id,
        m1_0.created_at,
        m1_0.email,
        m1_0.first_name,
        m1_0.graduation_year,
        m1_0.last_name,
        m1_0.major,
        m1_0.password,
        m1_0.phone_number,
        m1_0.role,
        m1_0.updated_at,
        m1_0.username 
    from
        members m1_0 
    where
        m1_0.email=?
Hibernate: 
    select
        m1_0.id,
        m1_0.active,
        m1_0.chapter_id,
        m1_0.created_at,
        m1_0.email,
        m1_0.first_name,
        m1_0.graduation_year,
        m1_0.last_name,
        m1_0.major,
        m1_0.password,
        m1_0.phone_number,
        m1_0.role,
        m1_0.updated_at,
        m1_0.username 
    from
        members m1_0 
    where
        m1_0.email=?
2025-11-08T09:16:31.871-07:00 DEBUG 51701 --- [io-8080-exec-10] org.hibernate.SQL                        : 
    insert 
    into
        members
        (active,chapter_id,created_at,email,first_name,graduation_year,last_name,major,password,phone_number,role,updated_at,username,id) 
    values
        (?,?,?,?,?,?,?,?,?,?,?,?,?,default)
Hibernate: 
    insert 
    into
        members
        (active,chapter_id,created_at,email,first_name,graduation_year,last_name,major,password,phone_number,role,updated_at,username,id) 
    values
        (?,?,?,?,?,?,?,?,?,?,?,?,?,default)
2025-11-08T09:19:21.016-07:00 DEBUG 51701 --- [nio-8080-exec-3] org.hibernate.SQL                        : 
    select
        m1_0.id,
        m1_0.active,
        m1_0.chapter_id,
        m1_0.created_at,
        m1_0.email,
        m1_0.first_name,
        m1_0.graduation_year,
        m1_0.last_name,
        m1_0.major,
        m1_0.password,
        m1_0.phone_number,
        m1_0.role,
        m1_0.updated_at,
        m1_0.username 
    from
        members m1_0 
    where
        m1_0.username=?
Hibernate: 
    select
        m1_0.id,
        m1_0.active,
        m1_0.chapter_id,
        m1_0.created_at,
        m1_0.email,
        m1_0.first_name,
        m1_0.graduation_year,
        m1_0.last_name,
        m1_0.major,
        m1_0.password,
        m1_0.phone_number,
        m1_0.role,
        m1_0.updated_at,
        m1_0.username 
    from
        members m1_0 
    where
        m1_0.username=?
2025-11-08T09:19:21.017-07:00 DEBUG 51701 --- [nio-8080-exec-3] org.hibernate.SQL                        : 
    select
        m1_0.id,
        m1_0.active,
        m1_0.chapter_id,
        m1_0.created_at,
        m1_0.email,
        m1_0.first_name,
        m1_0.graduation_year,
        m1_0.last_name,
        m1_0.major,
        m1_0.password,
        m1_0.phone_number,
        m1_0.role,
        m1_0.updated_at,
        m1_0.username 
    from
        members m1_0 
    where
        m1_0.email=?
Hibernate: 
    select
        m1_0.id,
        m1_0.active,
        m1_0.chapter_id,
        m1_0.created_at,
        m1_0.email,
        m1_0.first_name,
        m1_0.graduation_year,
        m1_0.last_name,
        m1_0.major,
        m1_0.password,
        m1_0.phone_number,
        m1_0.role,
        m1_0.updated_at,
        m1_0.username 
    from
        members m1_0 
    where
        m1_0.email=?
2025-11-08T09:19:21.018-07:00 DEBUG 51701 --- [nio-8080-exec-3] org.hibernate.SQL                        : 
    insert 
    into
        members
        (active,chapter_id,created_at,email,first_name,graduation_year,last_name,major,password,phone_number,role,updated_at,username,id) 
    values
        (?,?,?,?,?,?,?,?,?,?,?,?,?,default)
Hibernate: 
    insert 
    into
        members
        (active,chapter_id,created_at,email,first_name,graduation_year,last_name,major,password,phone_number,role,updated_at,username,id) 
    values
        (?,?,?,?,?,?,?,?,?,?,?,?,?,default)
2025-11-08T09:19:30.282-07:00 DEBUG 51701 --- [nio-8080-exec-5] org.hibernate.SQL                        : 
    select
        m1_0.id,
        m1_0.active,
        m1_0.chapter_id,
        m1_0.created_at,
        m1_0.email,
        m1_0.first_name,
        m1_0.graduation_year,
        m1_0.last_name,
        m1_0.major,
        m1_0.password,
        m1_0.phone_number,
        m1_0.role,
        m1_0.updated_at,
        m1_0.username 
    from
        members m1_0 
    where
        m1_0.username=?
Hibernate: 
    select
        m1_0.id,
        m1_0.active,
        m1_0.chapter_id,
        m1_0.created_at,
        m1_0.email,
        m1_0.first_name,
        m1_0.graduation_year,
        m1_0.last_name,
        m1_0.major,
        m1_0.password,
        m1_0.phone_number,
        m1_0.role,
        m1_0.updated_at,
        m1_0.username 
    from
        members m1_0 
    where
        m1_0.username=?
2025-11-08T09:19:30.282-07:00 DEBUG 51701 --- [nio-8080-exec-5] org.hibernate.SQL                        : 
    select
        m1_0.id,
        m1_0.active,
        m1_0.chapter_id,
        m1_0.created_at,
        m1_0.email,
        m1_0.first_name,
        m1_0.graduation_year,
        m1_0.last_name,
        m1_0.major,
        m1_0.password,
        m1_0.phone_number,
        m1_0.role,
        m1_0.updated_at,
        m1_0.username 
    from
        members m1_0 
    where
        m1_0.email=?
Hibernate: 
    select
        m1_0.id,
        m1_0.active,
        m1_0.chapter_id,
        m1_0.created_at,
        m1_0.email,
        m1_0.first_name,
        m1_0.graduation_year,
        m1_0.last_name,
        m1_0.major,
        m1_0.password,
        m1_0.phone_number,
        m1_0.role,
        m1_0.updated_at,
        m1_0.username 
    from
        members m1_0 
    where
        m1_0.email=?
2025-11-08T09:19:30.283-07:00 DEBUG 51701 --- [nio-8080-exec-5] org.hibernate.SQL                        : 
    insert 
    into
        members
        (active,chapter_id,created_at,email,first_name,graduation_year,last_name,major,password,phone_number,role,updated_at,username,id) 
    values
        (?,?,?,?,?,?,?,?,?,?,?,?,?,default)
Hibernate: 
    insert 
    into
        members
        (active,chapter_id,created_at,email,first_name,graduation_year,last_name,major,password,phone_number,role,updated_at,username,id) 
    values
        (?,?,?,?,?,?,?,?,?,?,?,?,?,default)
2025-11-08T09:28:12.714-07:00  INFO 51701 --- [   File Watcher] rtingClassPathChangeChangedEventListener : Restarting due to 1 class path change (0 additions, 0 deletions, 1 modification)
2025-11-08T09:28:12.718-07:00  INFO 51701 --- [       Thread-6] o.apache.catalina.core.StandardService   : Stopping service [Tomcat]
2025-11-08T09:28:12.718-07:00  INFO 51701 --- [       Thread-6] o.a.c.c.C.[Tomcat].[localhost].[/]       : Destroying Spring FrameworkServlet 'dispatcherServlet'
2025-11-08T09:28:12.720-07:00  INFO 51701 --- [       Thread-6] j.LocalContainerEntityManagerFactoryBean : Closing JPA EntityManagerFactory for persistence unit 'default'
2025-11-08T09:28:12.720-07:00 DEBUG 51701 --- [       Thread-6] org.hibernate.SQL                        : 
    drop table if exists chapters cascade 
Hibernate: 
    drop table if exists chapters cascade 
2025-11-08T09:28:12.721-07:00 DEBUG 51701 --- [       Thread-6] org.hibernate.SQL                        : 
    drop table if exists events cascade 
Hibernate: 
    drop table if exists events cascade 
2025-11-08T09:28:12.721-07:00 DEBUG 51701 --- [       Thread-6] org.hibernate.SQL                        : 
    drop table if exists institutions cascade 
Hibernate: 
    drop table if exists institutions cascade 
2025-11-08T09:28:12.722-07:00 DEBUG 51701 --- [       Thread-6] org.hibernate.SQL                        : 
    drop table if exists members cascade 
Hibernate: 
    drop table if exists members cascade 
2025-11-08T09:28:12.928-07:00  WARN 51701 --- [       Thread-6] o.s.b.f.support.DisposableBeanAdapter    : Invocation of destroy method failed on bean with name 'inMemoryDatabaseShutdownExecutor': org.h2.jdbc.JdbcSQLNonTransientConnectionException: Database is already closed (to disable automatic closing at VM shutdown, add ";DB_CLOSE_ON_EXIT=FALSE" to the db URL) [90121-214]
2025-11-08T09:28:12.928-07:00  INFO 51701 --- [       Thread-6] com.zaxxer.hikari.HikariDataSource       : HikariPool-1 - Shutdown initiated...
2025-11-08T09:28:12.929-07:00  INFO 51701 --- [       Thread-6] com.zaxxer.hikari.HikariDataSource       : HikariPool-1 - Shutdown completed.

  .   ____          _            __ _ _
 /\\ / ___'_ __ _ _(_)_ __  __ _ \ \ \ \
( ( )\___ | '_ | '_| | '_ \/ _` | \ \ \ \
 \\/  ___)| |_)| | | | | || (_| |  ) ) ) )
  '  |____| .__|_| |_|_| |_\__, | / / / /
 =========|_|==============|___/=/_/_/_/
 :: Spring Boot ::                (v3.1.5)

2025-11-08T09:28:12.956-07:00  INFO 51701 --- [  restartedMain] c.t.c.CampusChapterOrganizerApplication  : Starting CampusChapterOrganizerApplication using Java 25 with PID 51701 (/Users/benh/Documents/StartAChapter/target/classes started by benh in /Users/benh/Documents/StartAChapter)
2025-11-08T09:28:12.956-07:00 DEBUG 51701 --- [  restartedMain] c.t.c.CampusChapterOrganizerApplication  : Running with Spring Boot v3.1.5, Spring v6.0.13
2025-11-08T09:28:12.956-07:00  INFO 51701 --- [  restartedMain] c.t.c.CampusChapterOrganizerApplication  : No active profile set, falling back to 1 default profile: "default"
2025-11-08T09:28:13.000-07:00  INFO 51701 --- [  restartedMain] .s.d.r.c.RepositoryConfigurationDelegate : Bootstrapping Spring Data JPA repositories in DEFAULT mode.
2025-11-08T09:28:13.005-07:00  INFO 51701 --- [  restartedMain] .s.d.r.c.RepositoryConfigurationDelegate : Finished Spring Data repository scanning in 5 ms. Found 4 JPA repository interfaces.
2025-11-08T09:28:13.038-07:00  INFO 51701 --- [  restartedMain] o.s.b.w.embedded.tomcat.TomcatWebServer  : Tomcat initialized with port(s): 8080 (http)
2025-11-08T09:28:13.038-07:00  INFO 51701 --- [  restartedMain] o.apache.catalina.core.StandardService   : Starting service [Tomcat]
2025-11-08T09:28:13.038-07:00  INFO 51701 --- [  restartedMain] o.apache.catalina.core.StandardEngine    : Starting Servlet engine: [Apache Tomcat/10.1.15]
2025-11-08T09:28:13.040-07:00  INFO 51701 --- [  restartedMain] o.a.c.c.C.[Tomcat].[localhost].[/]       : Initializing Spring embedded WebApplicationContext
2025-11-08T09:28:13.040-07:00  INFO 51701 --- [  restartedMain] w.s.c.ServletWebServerApplicationContext : Root WebApplicationContext: initialization completed in 83 ms
2025-11-08T09:28:13.045-07:00  INFO 51701 --- [  restartedMain] com.zaxxer.hikari.HikariDataSource       : HikariPool-2 - Starting...
2025-11-08T09:28:13.046-07:00  INFO 51701 --- [  restartedMain] com.zaxxer.hikari.pool.HikariPool        : HikariPool-2 - Added connection conn10: url=jdbc:h2:mem:chapterdb user=SA
2025-11-08T09:28:13.046-07:00  INFO 51701 --- [  restartedMain] com.zaxxer.hikari.HikariDataSource       : HikariPool-2 - Start completed.
2025-11-08T09:28:13.046-07:00  INFO 51701 --- [  restartedMain] o.s.b.a.h2.H2ConsoleAutoConfiguration    : H2 console available at '/h2-console'. Database available at 'jdbc:h2:mem:chapterdb'
2025-11-08T09:28:13.055-07:00  INFO 51701 --- [  restartedMain] o.hibernate.jpa.internal.util.LogHelper  : HHH000204: Processing PersistenceUnitInfo [name: default]
2025-11-08T09:28:13.056-07:00  INFO 51701 --- [  restartedMain] o.s.o.j.p.SpringPersistenceUnitInfo      : No LoadTimeWeaver setup: ignoring JPA class transformer
2025-11-08T09:28:13.056-07:00  WARN 51701 --- [  restartedMain] org.hibernate.orm.deprecation            : HHH90000025: H2Dialect does not need to be specified explicitly using 'hibernate.dialect' (remove the property setting and it will be selected by default)
2025-11-08T09:28:13.094-07:00  INFO 51701 --- [  restartedMain] o.h.e.t.j.p.i.JtaPlatformInitiator       : HHH000489: No JTA platform available (set 'hibernate.transaction.jta.platform' to enable JTA platform integration)
2025-11-08T09:28:13.094-07:00 DEBUG 51701 --- [  restartedMain] org.hibernate.SQL                        : 
    drop table if exists chapters cascade 
Hibernate: 
    drop table if exists chapters cascade 
2025-11-08T09:28:13.094-07:00 DEBUG 51701 --- [  restartedMain] org.hibernate.SQL                        : 
    drop table if exists events cascade 
Hibernate: 
    drop table if exists events cascade 
2025-11-08T09:28:13.094-07:00 DEBUG 51701 --- [  restartedMain] org.hibernate.SQL                        : 
    drop table if exists institutions cascade 
Hibernate: 
    drop table if exists institutions cascade 
2025-11-08T09:28:13.094-07:00 DEBUG 51701 --- [  restartedMain] org.hibernate.SQL                        : 
    drop table if exists members cascade 
Hibernate: 
    drop table if exists members cascade 
2025-11-08T09:28:13.094-07:00 DEBUG 51701 --- [  restartedMain] org.hibernate.SQL                        : 
    create table chapters (
        active boolean not null,
        created_at timestamp(6) not null,
        id bigint generated by default as identity,
        updated_at timestamp(6),
        state varchar(50) not null,
        city varchar(100) not null,
        name varchar(100) not null unique,
        university_name varchar(150) not null,
        description varchar(500),
        primary key (id)
    )
Hibernate: 
    create table chapters (
        active boolean not null,
        created_at timestamp(6) not null,
        id bigint generated by default as identity,
        updated_at timestamp(6),
        state varchar(50) not null,
        city varchar(100) not null,
        name varchar(100) not null unique,
        university_name varchar(150) not null,
        description varchar(500),
        primary key (id)
    )
2025-11-08T09:28:13.095-07:00 DEBUG 51701 --- [  restartedMain] org.hibernate.SQL                        : 
    create table events (
        active boolean not null,
        current_attendees integer,
        max_attendees integer,
        chapter_id bigint not null,
        created_at timestamp(6) not null,
        event_date_time timestamp(6) not null,
        id bigint generated by default as identity,
        updated_at timestamp(6),
        title varchar(150) not null,
        location varchar(200),
        description varchar(1000),
        type varchar(255) not null check (type in ('MEETING','SOCIAL','FUNDRAISER','VOLUNTEER','EDUCATIONAL','POLITICAL','NETWORKING','RECRUITMENT','OTHER')),
        primary key (id)
    )
Hibernate: 
    create table events (
        active boolean not null,
        current_attendees integer,
        max_attendees integer,
        chapter_id bigint not null,
        created_at timestamp(6) not null,
        event_date_time timestamp(6) not null,
        id bigint generated by default as identity,
        updated_at timestamp(6),
        title varchar(150) not null,
        location varchar(200),
        description varchar(1000),
        type varchar(255) not null check (type in ('MEETING','SOCIAL','FUNDRAISER','VOLUNTEER','EDUCATIONAL','POLITICAL','NETWORKING','RECRUITMENT','OTHER')),
        primary key (id)
    )
2025-11-08T09:28:13.096-07:00 DEBUG 51701 --- [  restartedMain] org.hibernate.SQL                        : 
    create table institutions (
        student_count integer,
        id bigint generated by default as identity,
        country varchar(255),
        location varchar(255),
        name varchar(255) not null,
        state varchar(255),
        type varchar(255),
        website varchar(255),
        primary key (id)
    )
Hibernate: 
    create table institutions (
        student_count integer,
        id bigint generated by default as identity,
        country varchar(255),
        location varchar(255),
        name varchar(255) not null,
        state varchar(255),
        type varchar(255),
        website varchar(255),
        primary key (id)
    )
2025-11-08T09:28:13.096-07:00 DEBUG 51701 --- [  restartedMain] org.hibernate.SQL                        : 
    create table members (
        active boolean not null,
        chapter_id bigint,
        created_at timestamp(6) not null,
        id bigint generated by default as identity,
        updated_at timestamp(6),
        phone_number varchar(15),
        graduation_year varchar(20),
        username varchar(30) unique,
        first_name varchar(50) not null,
        last_name varchar(50) not null,
        major varchar(50),
        email varchar(255) not null unique,
        password varchar(255),
        role varchar(255) not null check (role in ('PRESIDENT','VICE_PRESIDENT','SECRETARY','TREASURER','OFFICER','MEMBER')),
        primary key (id)
    )
Hibernate: 
    create table members (
        active boolean not null,
        chapter_id bigint,
        created_at timestamp(6) not null,
        id bigint generated by default as identity,
        updated_at timestamp(6),
        phone_number varchar(15),
        graduation_year varchar(20),
        username varchar(30) unique,
        first_name varchar(50) not null,
        last_name varchar(50) not null,
        major varchar(50),
        email varchar(255) not null unique,
        password varchar(255),
        role varchar(255) not null check (role in ('PRESIDENT','VICE_PRESIDENT','SECRETARY','TREASURER','OFFICER','MEMBER')),
        primary key (id)
    )
2025-11-08T09:28:13.097-07:00 DEBUG 51701 --- [  restartedMain] org.hibernate.SQL                        : 
    alter table if exists events 
       add constraint FKoh3x41cbsvxy46mbsb8baw2np 
       foreign key (chapter_id) 
       references chapters
Hibernate: 
    alter table if exists events 
       add constraint FKoh3x41cbsvxy46mbsb8baw2np 
       foreign key (chapter_id) 
       references chapters
2025-11-08T09:28:13.097-07:00 DEBUG 51701 --- [  restartedMain] org.hibernate.SQL                        : 
    alter table if exists members 
       add constraint FKdlonkpslhqtyoonq9c3aaqha 
       foreign key (chapter_id) 
       references chapters
Hibernate: 
    alter table if exists members 
       add constraint FKdlonkpslhqtyoonq9c3aaqha 
       foreign key (chapter_id) 
       references chapters
2025-11-08T09:28:13.098-07:00  INFO 51701 --- [  restartedMain] j.LocalContainerEntityManagerFactoryBean : Initialized JPA EntityManagerFactory for persistence unit 'default'
2025-11-08T09:28:13.228-07:00  WARN 51701 --- [  restartedMain] JpaBaseConfiguration$JpaWebConfiguration : spring.jpa.open-in-view is enabled by default. Therefore, database queries may be performed during view rendering. Explicitly configure spring.jpa.open-in-view to disable this warning
2025-11-08T09:28:13.240-07:00  INFO 51701 --- [  restartedMain] o.s.b.a.w.s.WelcomePageHandlerMapping    : Adding welcome page: class path resource [static/index.html]
2025-11-08T09:28:13.253-07:00  WARN 51701 --- [  restartedMain] ion$DefaultTemplateResolverConfiguration : Cannot find template location: classpath:/templates/ (please add some templates, check your Thymeleaf configuration, or set spring.thymeleaf.check-template-location=false)
2025-11-08T09:28:13.260-07:00  INFO 51701 --- [  restartedMain] o.s.b.d.a.OptionalLiveReloadServer       : LiveReload server is running on port 35729
2025-11-08T09:28:13.264-07:00  INFO 51701 --- [  restartedMain] o.s.b.w.embedded.tomcat.TomcatWebServer  : Tomcat started on port(s): 8080 (http) with context path ''
2025-11-08T09:28:13.265-07:00  INFO 51701 --- [  restartedMain] c.t.c.CampusChapterOrganizerApplication  : Started CampusChapterOrganizerApplication in 0.315 seconds (process running for 1421.218)
2025-11-08T09:28:13.266-07:00  INFO 51701 --- [  restartedMain] .ConditionEvaluationDeltaLoggingListener : Condition evaluation unchanged
2025-11-08T09:28:14.677-07:00  INFO 51701 --- [   File Watcher] rtingClassPathChangeChangedEventListener : Restarting due to 15 class path changes (0 additions, 0 deletions, 15 modifications)
2025-11-08T09:28:14.682-07:00  INFO 51701 --- [       Thread-8] o.apache.catalina.core.StandardService   : Stopping service [Tomcat]
2025-11-08T09:28:14.686-07:00  INFO 51701 --- [       Thread-8] j.LocalContainerEntityManagerFactoryBean : Closing JPA EntityManagerFactory for persistence unit 'default'
2025-11-08T09:28:14.686-07:00 DEBUG 51701 --- [       Thread-8] org.hibernate.SQL                        : 
    drop table if exists chapters cascade 
Hibernate: 
    drop table if exists chapters cascade 
2025-11-08T09:28:14.687-07:00 DEBUG 51701 --- [       Thread-8] org.hibernate.SQL                        : 
    drop table if exists events cascade 
Hibernate: 
    drop table if exists events cascade 
2025-11-08T09:28:14.687-07:00 DEBUG 51701 --- [       Thread-8] org.hibernate.SQL                        : 
    drop table if exists institutions cascade 
Hibernate: 
    drop table if exists institutions cascade 
2025-11-08T09:28:14.688-07:00 DEBUG 51701 --- [       Thread-8] org.hibernate.SQL                        : 
    drop table if exists members cascade 
Hibernate: 
    drop table if exists members cascade 
2025-11-08T09:28:14.891-07:00  WARN 51701 --- [       Thread-8] o.s.b.f.support.DisposableBeanAdapter    : Invocation of destroy method failed on bean with name 'inMemoryDatabaseShutdownExecutor': org.h2.jdbc.JdbcSQLNonTransientConnectionException: Database is already closed (to disable automatic closing at VM shutdown, add ";DB_CLOSE_ON_EXIT=FALSE" to the db URL) [90121-214]
2025-11-08T09:28:14.893-07:00  INFO 51701 --- [       Thread-8] com.zaxxer.hikari.HikariDataSource       : HikariPool-2 - Shutdown initiated...
2025-11-08T09:28:14.894-07:00  INFO 51701 --- [       Thread-8] com.zaxxer.hikari.HikariDataSource       : HikariPool-2 - Shutdown completed.

  .   ____          _            __ _ _
 /\\ / ___'_ __ _ _(_)_ __  __ _ \ \ \ \
( ( )\___ | '_ | '_| | '_ \/ _` | \ \ \ \
 \\/  ___)| |_)| | | | | || (_| |  ) ) ) )
  '  |____| .__|_| |_|_| |_\__, | / / / /
 =========|_|==============|___/=/_/_/_/
 :: Spring Boot ::                (v3.1.5)

2025-11-08T09:28:14.945-07:00  INFO 51701 --- [  restartedMain] c.t.c.CampusChapterOrganizerApplication  : Starting CampusChapterOrganizerApplication using Java 25 with PID 51701 (/Users/benh/Documents/StartAChapter/target/classes started by benh in /Users/benh/Documents/StartAChapter)
2025-11-08T09:28:14.945-07:00 DEBUG 51701 --- [  restartedMain] c.t.c.CampusChapterOrganizerApplication  : Running with Spring Boot v3.1.5, Spring v6.0.13
2025-11-08T09:28:14.945-07:00  INFO 51701 --- [  restartedMain] c.t.c.CampusChapterOrganizerApplication  : No active profile set, falling back to 1 default profile: "default"
2025-11-08T09:28:14.981-07:00  INFO 51701 --- [  restartedMain] .s.d.r.c.RepositoryConfigurationDelegate : Bootstrapping Spring Data JPA repositories in DEFAULT mode.
2025-11-08T09:28:14.984-07:00  INFO 51701 --- [  restartedMain] .s.d.r.c.RepositoryConfigurationDelegate : Finished Spring Data repository scanning in 3 ms. Found 4 JPA repository interfaces.
2025-11-08T09:28:15.010-07:00  INFO 51701 --- [  restartedMain] o.s.b.w.embedded.tomcat.TomcatWebServer  : Tomcat initialized with port(s): 8080 (http)
2025-11-08T09:28:15.010-07:00  INFO 51701 --- [  restartedMain] o.apache.catalina.core.StandardService   : Starting service [Tomcat]
2025-11-08T09:28:15.010-07:00  INFO 51701 --- [  restartedMain] o.apache.catalina.core.StandardEngine    : Starting Servlet engine: [Apache Tomcat/10.1.15]
2025-11-08T09:28:15.013-07:00  INFO 51701 --- [  restartedMain] o.a.c.c.C.[Tomcat].[localhost].[/]       : Initializing Spring embedded WebApplicationContext
2025-11-08T09:28:15.013-07:00  INFO 51701 --- [  restartedMain] w.s.c.ServletWebServerApplicationContext : Root WebApplicationContext: initialization completed in 68 ms
2025-11-08T09:28:15.017-07:00  INFO 51701 --- [  restartedMain] com.zaxxer.hikari.HikariDataSource       : HikariPool-3 - Starting...
2025-11-08T09:28:15.018-07:00  INFO 51701 --- [  restartedMain] com.zaxxer.hikari.pool.HikariPool        : HikariPool-3 - Added connection conn20: url=jdbc:h2:mem:chapterdb user=SA
2025-11-08T09:28:15.018-07:00  INFO 51701 --- [  restartedMain] com.zaxxer.hikari.HikariDataSource       : HikariPool-3 - Start completed.
2025-11-08T09:28:15.018-07:00  INFO 51701 --- [  restartedMain] o.s.b.a.h2.H2ConsoleAutoConfiguration    : H2 console available at '/h2-console'. Database available at 'jdbc:h2:mem:chapterdb'
2025-11-08T09:28:15.026-07:00  INFO 51701 --- [  restartedMain] o.hibernate.jpa.internal.util.LogHelper  : HHH000204: Processing PersistenceUnitInfo [name: default]
2025-11-08T09:28:15.027-07:00  INFO 51701 --- [  restartedMain] o.s.o.j.p.SpringPersistenceUnitInfo      : No LoadTimeWeaver setup: ignoring JPA class transformer
2025-11-08T09:28:15.027-07:00  WARN 51701 --- [  restartedMain] org.hibernate.orm.deprecation            : HHH90000025: H2Dialect does not need to be specified explicitly using 'hibernate.dialect' (remove the property setting and it will be selected by default)
2025-11-08T09:28:15.056-07:00  INFO 51701 --- [  restartedMain] o.h.e.t.j.p.i.JtaPlatformInitiator       : HHH000489: No JTA platform available (set 'hibernate.transaction.jta.platform' to enable JTA platform integration)
2025-11-08T09:28:15.056-07:00 DEBUG 51701 --- [  restartedMain] org.hibernate.SQL                        : 
    drop table if exists chapters cascade 
Hibernate: 
    drop table if exists chapters cascade 
2025-11-08T09:28:15.056-07:00 DEBUG 51701 --- [  restartedMain] org.hibernate.SQL                        : 
    drop table if exists events cascade 
Hibernate: 
    drop table if exists events cascade 
2025-11-08T09:28:15.056-07:00 DEBUG 51701 --- [  restartedMain] org.hibernate.SQL                        : 
    drop table if exists institutions cascade 
Hibernate: 
    drop table if exists institutions cascade 
2025-11-08T09:28:15.056-07:00 DEBUG 51701 --- [  restartedMain] org.hibernate.SQL                        : 
    drop table if exists members cascade 
Hibernate: 
    drop table if exists members cascade 
2025-11-08T09:28:15.056-07:00 DEBUG 51701 --- [  restartedMain] org.hibernate.SQL                        : 
    create table chapters (
        active boolean not null,
        created_at timestamp(6) not null,
        id bigint generated by default as identity,
        updated_at timestamp(6),
        state varchar(50) not null,
        city varchar(100) not null,
        name varchar(100) not null unique,
        university_name varchar(150) not null,
        description varchar(500),
        primary key (id)
    )
Hibernate: 
    create table chapters (
        active boolean not null,
        created_at timestamp(6) not null,
        id bigint generated by default as identity,
        updated_at timestamp(6),
        state varchar(50) not null,
        city varchar(100) not null,
        name varchar(100) not null unique,
        university_name varchar(150) not null,
        description varchar(500),
        primary key (id)
    )
2025-11-08T09:28:15.057-07:00 DEBUG 51701 --- [  restartedMain] org.hibernate.SQL                        : 
    create table events (
        active boolean not null,
        current_attendees integer,
        max_attendees integer,
        chapter_id bigint not null,
        created_at timestamp(6) not null,
        event_date_time timestamp(6) not null,
        id bigint generated by default as identity,
        updated_at timestamp(6),
        title varchar(150) not null,
        location varchar(200),
        description varchar(1000),
        type varchar(255) not null check (type in ('MEETING','SOCIAL','FUNDRAISER','VOLUNTEER','EDUCATIONAL','POLITICAL','NETWORKING','RECRUITMENT','OTHER')),
        primary key (id)
    )
Hibernate: 
    create table events (
        active boolean not null,
        current_attendees integer,
        max_attendees integer,
        chapter_id bigint not null,
        created_at timestamp(6) not null,
        event_date_time timestamp(6) not null,
        id bigint generated by default as identity,
        updated_at timestamp(6),
        title varchar(150) not null,
        location varchar(200),
        description varchar(1000),
        type varchar(255) not null check (type in ('MEETING','SOCIAL','FUNDRAISER','VOLUNTEER','EDUCATIONAL','POLITICAL','NETWORKING','RECRUITMENT','OTHER')),
        primary key (id)
    )
2025-11-08T09:28:15.058-07:00 DEBUG 51701 --- [  restartedMain] org.hibernate.SQL                        : 
    create table institutions (
        student_count integer,
        id bigint generated by default as identity,
        country varchar(255),
        location varchar(255),
        name varchar(255) not null,
        state varchar(255),
        type varchar(255),
        website varchar(255),
        primary key (id)
    )
Hibernate: 
    create table institutions (
        student_count integer,
        id bigint generated by default as identity,
        country varchar(255),
        location varchar(255),
        name varchar(255) not null,
        state varchar(255),
        type varchar(255),
        website varchar(255),
        primary key (id)
    )
2025-11-08T09:28:15.059-07:00 DEBUG 51701 --- [  restartedMain] org.hibernate.SQL                        : 
    create table members (
        active boolean not null,
        chapter_id bigint,
        created_at timestamp(6) not null,
        id bigint generated by default as identity,
        updated_at timestamp(6),
        phone_number varchar(15),
        graduation_year varchar(20),
        username varchar(30) unique,
        first_name varchar(50) not null,
        last_name varchar(50) not null,
        major varchar(50),
        email varchar(255) not null unique,
        password varchar(255),
        role varchar(255) not null check (role in ('PRESIDENT','VICE_PRESIDENT','SECRETARY','TREASURER','OFFICER','MEMBER')),
        primary key (id)
    )
Hibernate: 
    create table members (
        active boolean not null,
        chapter_id bigint,
        created_at timestamp(6) not null,
        id bigint generated by default as identity,
        updated_at timestamp(6),
        phone_number varchar(15),
        graduation_year varchar(20),
        username varchar(30) unique,
        first_name varchar(50) not null,
        last_name varchar(50) not null,
        major varchar(50),
        email varchar(255) not null unique,
        password varchar(255),
        role varchar(255) not null check (role in ('PRESIDENT','VICE_PRESIDENT','SECRETARY','TREASURER','OFFICER','MEMBER')),
        primary key (id)
    )
2025-11-08T09:28:15.059-07:00 DEBUG 51701 --- [  restartedMain] org.hibernate.SQL                        : 
    alter table if exists events 
       add constraint FKoh3x41cbsvxy46mbsb8baw2np 
       foreign key (chapter_id) 
       references chapters
Hibernate: 
    alter table if exists events 
       add constraint FKoh3x41cbsvxy46mbsb8baw2np 
       foreign key (chapter_id) 
       references chapters
2025-11-08T09:28:15.060-07:00 DEBUG 51701 --- [  restartedMain] org.hibernate.SQL                        : 
    alter table if exists members 
       add constraint FKdlonkpslhqtyoonq9c3aaqha 
       foreign key (chapter_id) 
       references chapters
Hibernate: 
    alter table if exists members 
       add constraint FKdlonkpslhqtyoonq9c3aaqha 
       foreign key (chapter_id) 
       references chapters
2025-11-08T09:28:15.060-07:00  INFO 51701 --- [  restartedMain] j.LocalContainerEntityManagerFactoryBean : Initialized JPA EntityManagerFactory for persistence unit 'default'
2025-11-08T09:28:15.175-07:00  WARN 51701 --- [  restartedMain] JpaBaseConfiguration$JpaWebConfiguration : spring.jpa.open-in-view is enabled by default. Therefore, database queries may be performed during view rendering. Explicitly configure spring.jpa.open-in-view to disable this warning
2025-11-08T09:28:15.187-07:00  INFO 51701 --- [  restartedMain] o.s.b.a.w.s.WelcomePageHandlerMapping    : Adding welcome page: class path resource [static/index.html]
2025-11-08T09:28:15.200-07:00  WARN 51701 --- [  restartedMain] ion$DefaultTemplateResolverConfiguration : Cannot find template location: classpath:/templates/ (please add some templates, check your Thymeleaf configuration, or set spring.thymeleaf.check-template-location=false)
2025-11-08T09:28:15.207-07:00  INFO 51701 --- [  restartedMain] o.s.b.d.a.OptionalLiveReloadServer       : LiveReload server is running on port 35729
2025-11-08T09:28:15.210-07:00  INFO 51701 --- [  restartedMain] o.s.b.w.embedded.tomcat.TomcatWebServer  : Tomcat started on port(s): 8080 (http) with context path ''
2025-11-08T09:28:15.211-07:00  INFO 51701 --- [  restartedMain] c.t.c.CampusChapterOrganizerApplication  : Started CampusChapterOrganizerApplication in 0.272 seconds (process running for 1423.164)
2025-11-08T09:28:15.211-07:00  INFO 51701 --- [  restartedMain] .ConditionEvaluationDeltaLoggingListener : Condition evaluation unchanged
2025-11-08T09:53:52.806-07:00  INFO 51701 --- [   File Watcher] rtingClassPathChangeChangedEventListener : Restarting due to 51 class path changes (2 additions, 0 deletions, 49 modifications)
2025-11-08T09:53:52.807-07:00  INFO 51701 --- [      Thread-12] o.apache.catalina.core.StandardService   : Stopping service [Tomcat]
2025-11-08T09:53:52.809-07:00  INFO 51701 --- [      Thread-12] j.LocalContainerEntityManagerFactoryBean : Closing JPA EntityManagerFactory for persistence unit 'default'
2025-11-08T09:53:52.809-07:00 DEBUG 51701 --- [      Thread-12] org.hibernate.SQL                        : 
    drop table if exists chapters cascade 
Hibernate: 
    drop table if exists chapters cascade 
2025-11-08T09:53:52.809-07:00 DEBUG 51701 --- [      Thread-12] org.hibernate.SQL                        : 
    drop table if exists events cascade 
Hibernate: 
    drop table if exists events cascade 
2025-11-08T09:53:52.809-07:00 DEBUG 51701 --- [      Thread-12] org.hibernate.SQL                        : 
    drop table if exists institutions cascade 
Hibernate: 
    drop table if exists institutions cascade 
2025-11-08T09:53:52.809-07:00 DEBUG 51701 --- [      Thread-12] org.hibernate.SQL                        : 
    drop table if exists members cascade 
Hibernate: 
    drop table if exists members cascade 
2025-11-08T09:53:53.012-07:00  WARN 51701 --- [      Thread-12] o.s.b.f.support.DisposableBeanAdapter    : Invocation of destroy method failed on bean with name 'inMemoryDatabaseShutdownExecutor': org.h2.jdbc.JdbcSQLNonTransientConnectionException: Database is already closed (to disable automatic closing at VM shutdown, add ";DB_CLOSE_ON_EXIT=FALSE" to the db URL) [90121-214]
2025-11-08T09:53:53.012-07:00  INFO 51701 --- [      Thread-12] com.zaxxer.hikari.HikariDataSource       : HikariPool-3 - Shutdown initiated...
2025-11-08T09:53:53.012-07:00  INFO 51701 --- [      Thread-12] com.zaxxer.hikari.HikariDataSource       : HikariPool-3 - Shutdown completed.

  .   ____          _            __ _ _
 /\\ / ___'_ __ _ _(_)_ __  __ _ \ \ \ \
( ( )\___ | '_ | '_| | '_ \/ _` | \ \ \ \
 \\/  ___)| |_)| | | | | || (_| |  ) ) ) )
  '  |____| .__|_| |_|_| |_\__, | / / / /
 =========|_|==============|___/=/_/_/_/
 :: Spring Boot ::                (v3.1.5)

2025-11-08T09:53:53.068-07:00  INFO 51701 --- [  restartedMain] c.t.c.CampusChapterOrganizerApplication  : Starting CampusChapterOrganizerApplication using Java 25 with PID 51701 (/Users/benh/Documents/StartAChapter/target/classes started by benh in /Users/benh/Documents/StartAChapter)
2025-11-08T09:53:53.068-07:00 DEBUG 51701 --- [  restartedMain] c.t.c.CampusChapterOrganizerApplication  : Running with Spring Boot v3.1.5, Spring v6.0.13
2025-11-08T09:53:53.068-07:00  INFO 51701 --- [  restartedMain] c.t.c.CampusChapterOrganizerApplication  : No active profile set, falling back to 1 default profile: "default"
2025-11-08T09:53:53.103-07:00  INFO 51701 --- [  restartedMain] .s.d.r.c.RepositoryConfigurationDelegate : Bootstrapping Spring Data JPA repositories in DEFAULT mode.
2025-11-08T09:53:53.106-07:00  INFO 51701 --- [  restartedMain] .s.d.r.c.RepositoryConfigurationDelegate : Finished Spring Data repository scanning in 3 ms. Found 4 JPA repository interfaces.
2025-11-08T09:53:53.136-07:00  INFO 51701 --- [  restartedMain] o.s.b.w.embedded.tomcat.TomcatWebServer  : Tomcat initialized with port(s): 8080 (http)
2025-11-08T09:53:53.136-07:00  INFO 51701 --- [  restartedMain] o.apache.catalina.core.StandardService   : Starting service [Tomcat]
2025-11-08T09:53:53.136-07:00  INFO 51701 --- [  restartedMain] o.apache.catalina.core.StandardEngine    : Starting Servlet engine: [Apache Tomcat/10.1.15]
2025-11-08T09:53:53.139-07:00  INFO 51701 --- [  restartedMain] o.a.c.c.C.[Tomcat].[localhost].[/]       : Initializing Spring embedded WebApplicationContext
2025-11-08T09:53:53.139-07:00  INFO 51701 --- [  restartedMain] w.s.c.ServletWebServerApplicationContext : Root WebApplicationContext: initialization completed in 70 ms
2025-11-08T09:53:53.143-07:00  INFO 51701 --- [  restartedMain] com.zaxxer.hikari.HikariDataSource       : HikariPool-4 - Starting...
2025-11-08T09:53:53.144-07:00  INFO 51701 --- [  restartedMain] com.zaxxer.hikari.pool.HikariPool        : HikariPool-4 - Added connection conn30: url=jdbc:h2:mem:chapterdb user=SA
2025-11-08T09:53:53.144-07:00  INFO 51701 --- [  restartedMain] com.zaxxer.hikari.HikariDataSource       : HikariPool-4 - Start completed.
2025-11-08T09:53:53.144-07:00  INFO 51701 --- [  restartedMain] o.s.b.a.h2.H2ConsoleAutoConfiguration    : H2 console available at '/h2-console'. Database available at 'jdbc:h2:mem:chapterdb'
2025-11-08T09:53:53.153-07:00  INFO 51701 --- [  restartedMain] o.hibernate.jpa.internal.util.LogHelper  : HHH000204: Processing PersistenceUnitInfo [name: default]
2025-11-08T09:53:53.154-07:00  INFO 51701 --- [  restartedMain] o.s.o.j.p.SpringPersistenceUnitInfo      : No LoadTimeWeaver setup: ignoring JPA class transformer
2025-11-08T09:53:53.155-07:00  WARN 51701 --- [  restartedMain] org.hibernate.orm.deprecation            : HHH90000025: H2Dialect does not need to be specified explicitly using 'hibernate.dialect' (remove the property setting and it will be selected by default)
2025-11-08T09:53:53.180-07:00  INFO 51701 --- [  restartedMain] o.h.e.t.j.p.i.JtaPlatformInitiator       : HHH000489: No JTA platform available (set 'hibernate.transaction.jta.platform' to enable JTA platform integration)
2025-11-08T09:53:53.180-07:00 DEBUG 51701 --- [  restartedMain] org.hibernate.SQL                        : 
    drop table if exists chapters cascade 
Hibernate: 
    drop table if exists chapters cascade 
2025-11-08T09:53:53.180-07:00 DEBUG 51701 --- [  restartedMain] org.hibernate.SQL                        : 
    drop table if exists events cascade 
Hibernate: 
    drop table if exists events cascade 
2025-11-08T09:53:53.180-07:00 DEBUG 51701 --- [  restartedMain] org.hibernate.SQL                        : 
    drop table if exists institutions cascade 
Hibernate: 
    drop table if exists institutions cascade 
2025-11-08T09:53:53.180-07:00 DEBUG 51701 --- [  restartedMain] org.hibernate.SQL                        : 
    drop table if exists members cascade 
Hibernate: 
    drop table if exists members cascade 
2025-11-08T09:53:53.181-07:00 DEBUG 51701 --- [  restartedMain] org.hibernate.SQL                        : 
    create table chapters (
        active boolean not null,
        created_at timestamp(6) not null,
        id bigint generated by default as identity,
        updated_at timestamp(6),
        state varchar(50) not null,
        city varchar(100) not null,
        name varchar(100) not null unique,
        university_name varchar(150) not null,
        description varchar(500),
        primary key (id)
    )
Hibernate: 
    create table chapters (
        active boolean not null,
        created_at timestamp(6) not null,
        id bigint generated by default as identity,
        updated_at timestamp(6),
        state varchar(50) not null,
        city varchar(100) not null,
        name varchar(100) not null unique,
        university_name varchar(150) not null,
        description varchar(500),
        primary key (id)
    )
2025-11-08T09:53:53.181-07:00 DEBUG 51701 --- [  restartedMain] org.hibernate.SQL                        : 
    create table events (
        active boolean not null,
        current_attendees integer,
        max_attendees integer,
        chapter_id bigint not null,
        created_at timestamp(6) not null,
        event_date_time timestamp(6) not null,
        id bigint generated by default as identity,
        updated_at timestamp(6),
        title varchar(150) not null,
        location varchar(200),
        description varchar(1000),
        type varchar(255) not null check (type in ('MEETING','SOCIAL','FUNDRAISER','VOLUNTEER','EDUCATIONAL','POLITICAL','NETWORKING','RECRUITMENT','OTHER')),
        primary key (id)
    )
Hibernate: 
    create table events (
        active boolean not null,
        current_attendees integer,
        max_attendees integer,
        chapter_id bigint not null,
        created_at timestamp(6) not null,
        event_date_time timestamp(6) not null,
        id bigint generated by default as identity,
        updated_at timestamp(6),
        title varchar(150) not null,
        location varchar(200),
        description varchar(1000),
        type varchar(255) not null check (type in ('MEETING','SOCIAL','FUNDRAISER','VOLUNTEER','EDUCATIONAL','POLITICAL','NETWORKING','RECRUITMENT','OTHER')),
        primary key (id)
    )
2025-11-08T09:53:53.181-07:00 DEBUG 51701 --- [  restartedMain] org.hibernate.SQL                        : 
    create table institutions (
        student_count integer,
        id bigint generated by default as identity,
        country varchar(255),
        location varchar(255),
        name varchar(255) not null,
        state varchar(255),
        type varchar(255),
        website varchar(255),
        primary key (id)
    )
Hibernate: 
    create table institutions (
        student_count integer,
        id bigint generated by default as identity,
        country varchar(255),
        location varchar(255),
        name varchar(255) not null,
        state varchar(255),
        type varchar(255),
        website varchar(255),
        primary key (id)
    )
2025-11-08T09:53:53.182-07:00 DEBUG 51701 --- [  restartedMain] org.hibernate.SQL                        : 
    create table members (
        active boolean not null,
        chapter_id bigint,
        created_at timestamp(6) not null,
        id bigint generated by default as identity,
        updated_at timestamp(6),
        phone_number varchar(15),
        graduation_year varchar(20),
        username varchar(30) unique,
        first_name varchar(50) not null,
        last_name varchar(50) not null,
        major varchar(50),
        email varchar(255) not null unique,
        password varchar(255),
        role varchar(255) not null check (role in ('PRESIDENT','VICE_PRESIDENT','SECRETARY','TREASURER','OFFICER','MEMBER')),
        primary key (id)
    )
Hibernate: 
    create table members (
        active boolean not null,
        chapter_id bigint,
        created_at timestamp(6) not null,
        id bigint generated by default as identity,
        updated_at timestamp(6),
        phone_number varchar(15),
        graduation_year varchar(20),
        username varchar(30) unique,
        first_name varchar(50) not null,
        last_name varchar(50) not null,
        major varchar(50),
        email varchar(255) not null unique,
        password varchar(255),
        role varchar(255) not null check (role in ('PRESIDENT','VICE_PRESIDENT','SECRETARY','TREASURER','OFFICER','MEMBER')),
        primary key (id)
    )
2025-11-08T09:53:53.182-07:00 DEBUG 51701 --- [  restartedMain] org.hibernate.SQL                        : 
    alter table if exists events 
       add constraint FKoh3x41cbsvxy46mbsb8baw2np 
       foreign key (chapter_id) 
       references chapters
Hibernate: 
    alter table if exists events 
       add constraint FKoh3x41cbsvxy46mbsb8baw2np 
       foreign key (chapter_id) 
       references chapters
2025-11-08T09:53:53.183-07:00 DEBUG 51701 --- [  restartedMain] org.hibernate.SQL                        : 
    alter table if exists members 
       add constraint FKdlonkpslhqtyoonq9c3aaqha 
       foreign key (chapter_id) 
       references chapters
Hibernate: 
    alter table if exists members 
       add constraint FKdlonkpslhqtyoonq9c3aaqha 
       foreign key (chapter_id) 
       references chapters
2025-11-08T09:53:53.183-07:00  INFO 51701 --- [  restartedMain] j.LocalContainerEntityManagerFactoryBean : Initialized JPA EntityManagerFactory for persistence unit 'default'
2025-11-08T09:53:53.290-07:00  WARN 51701 --- [  restartedMain] JpaBaseConfiguration$JpaWebConfiguration : spring.jpa.open-in-view is enabled by default. Therefore, database queries may be performed during view rendering. Explicitly configure spring.jpa.open-in-view to disable this warning
2025-11-08T09:53:53.304-07:00  INFO 51701 --- [  restartedMain] o.s.b.a.w.s.WelcomePageHandlerMapping    : Adding welcome page: class path resource [static/index.html]
2025-11-08T09:53:53.315-07:00  WARN 51701 --- [  restartedMain] ion$DefaultTemplateResolverConfiguration : Cannot find template location: classpath:/templates/ (please add some templates, check your Thymeleaf configuration, or set spring.thymeleaf.check-template-location=false)
2025-11-08T09:53:53.323-07:00  INFO 51701 --- [  restartedMain] o.s.b.d.a.OptionalLiveReloadServer       : LiveReload server is running on port 35729
2025-11-08T09:53:53.326-07:00  INFO 51701 --- [  restartedMain] o.s.b.w.embedded.tomcat.TomcatWebServer  : Tomcat started on port(s): 8080 (http) with context path ''
2025-11-08T09:53:53.326-07:00  INFO 51701 --- [  restartedMain] c.t.c.CampusChapterOrganizerApplication  : Started CampusChapterOrganizerApplication in 0.264 seconds (process running for 2961.259)
2025-11-08T09:53:53.327-07:00  INFO 51701 --- [  restartedMain] .ConditionEvaluationDeltaLoggingListener : Condition evaluation unchanged
2025-11-08T09:53:54.742-07:00  INFO 51701 --- [   File Watcher] rtingClassPathChangeChangedEventListener : Restarting due to 49 class path changes (0 additions, 0 deletions, 49 modifications)
2025-11-08T09:53:54.745-07:00  INFO 51701 --- [      Thread-16] o.apache.catalina.core.StandardService   : Stopping service [Tomcat]
2025-11-08T09:53:54.747-07:00  INFO 51701 --- [      Thread-16] j.LocalContainerEntityManagerFactoryBean : Closing JPA EntityManagerFactory for persistence unit 'default'
2025-11-08T09:53:54.748-07:00 DEBUG 51701 --- [      Thread-16] org.hibernate.SQL                        : 
    drop table if exists chapters cascade 
Hibernate: 
    drop table if exists chapters cascade 
2025-11-08T09:53:54.748-07:00 DEBUG 51701 --- [      Thread-16] org.hibernate.SQL                        : 
    drop table if exists events cascade 
Hibernate: 
    drop table if exists events cascade 
2025-11-08T09:53:54.749-07:00 DEBUG 51701 --- [      Thread-16] org.hibernate.SQL                        : 
    drop table if exists institutions cascade 
Hibernate: 
    drop table if exists institutions cascade 
2025-11-08T09:53:54.749-07:00 DEBUG 51701 --- [      Thread-16] org.hibernate.SQL                        : 
    drop table if exists members cascade 
Hibernate: 
    drop table if exists members cascade 
2025-11-08T09:53:54.954-07:00  WARN 51701 --- [      Thread-16] o.s.b.f.support.DisposableBeanAdapter    : Invocation of destroy method failed on bean with name 'inMemoryDatabaseShutdownExecutor': org.h2.jdbc.JdbcSQLNonTransientConnectionException: Database is already closed (to disable automatic closing at VM shutdown, add ";DB_CLOSE_ON_EXIT=FALSE" to the db URL) [90121-214]
2025-11-08T09:53:54.955-07:00  INFO 51701 --- [      Thread-16] com.zaxxer.hikari.HikariDataSource       : HikariPool-4 - Shutdown initiated...
2025-11-08T09:53:54.955-07:00  INFO 51701 --- [      Thread-16] com.zaxxer.hikari.HikariDataSource       : HikariPool-4 - Shutdown completed.

  .   ____          _            __ _ _
 /\\ / ___'_ __ _ _(_)_ __  __ _ \ \ \ \
( ( )\___ | '_ | '_| | '_ \/ _` | \ \ \ \
 \\/  ___)| |_)| | | | | || (_| |  ) ) ) )
  '  |____| .__|_| |_|_| |_\__, | / / / /
 =========|_|==============|___/=/_/_/_/
 :: Spring Boot ::                (v3.1.5)

2025-11-08T09:53:55.006-07:00  INFO 51701 --- [  restartedMain] c.t.c.CampusChapterOrganizerApplication  : Starting CampusChapterOrganizerApplication using Java 25 with PID 51701 (/Users/benh/Documents/StartAChapter/target/classes started by benh in /Users/benh/Documents/StartAChapter)
2025-11-08T09:53:55.006-07:00 DEBUG 51701 --- [  restartedMain] c.t.c.CampusChapterOrganizerApplication  : Running with Spring Boot v3.1.5, Spring v6.0.13
2025-11-08T09:53:55.006-07:00  INFO 51701 --- [  restartedMain] c.t.c.CampusChapterOrganizerApplication  : No active profile set, falling back to 1 default profile: "default"
2025-11-08T09:53:55.034-07:00  INFO 51701 --- [  restartedMain] .s.d.r.c.RepositoryConfigurationDelegate : Bootstrapping Spring Data JPA repositories in DEFAULT mode.
2025-11-08T09:53:55.037-07:00  INFO 51701 --- [  restartedMain] .s.d.r.c.RepositoryConfigurationDelegate : Finished Spring Data repository scanning in 3 ms. Found 4 JPA repository interfaces.
2025-11-08T09:53:55.060-07:00  INFO 51701 --- [  restartedMain] o.s.b.w.embedded.tomcat.TomcatWebServer  : Tomcat initialized with port(s): 8080 (http)
2025-11-08T09:53:55.060-07:00  INFO 51701 --- [  restartedMain] o.apache.catalina.core.StandardService   : Starting service [Tomcat]
2025-11-08T09:53:55.060-07:00  INFO 51701 --- [  restartedMain] o.apache.catalina.core.StandardEngine    : Starting Servlet engine: [Apache Tomcat/10.1.15]
2025-11-08T09:53:55.062-07:00  INFO 51701 --- [  restartedMain] o.a.c.c.C.[Tomcat].[localhost].[/]       : Initializing Spring embedded WebApplicationContext
2025-11-08T09:53:55.062-07:00  INFO 51701 --- [  restartedMain] w.s.c.ServletWebServerApplicationContext : Root WebApplicationContext: initialization completed in 55 ms
2025-11-08T09:53:55.066-07:00  INFO 51701 --- [  restartedMain] com.zaxxer.hikari.HikariDataSource       : HikariPool-5 - Starting...
2025-11-08T09:53:55.067-07:00  INFO 51701 --- [  restartedMain] com.zaxxer.hikari.pool.HikariPool        : HikariPool-5 - Added connection conn40: url=jdbc:h2:mem:chapterdb user=SA
2025-11-08T09:53:55.067-07:00  INFO 51701 --- [  restartedMain] com.zaxxer.hikari.HikariDataSource       : HikariPool-5 - Start completed.
2025-11-08T09:53:55.067-07:00  INFO 51701 --- [  restartedMain] o.s.b.a.h2.H2ConsoleAutoConfiguration    : H2 console available at '/h2-console'. Database available at 'jdbc:h2:mem:chapterdb'
2025-11-08T09:53:55.074-07:00  INFO 51701 --- [  restartedMain] o.hibernate.jpa.internal.util.LogHelper  : HHH000204: Processing PersistenceUnitInfo [name: default]
2025-11-08T09:53:55.075-07:00  INFO 51701 --- [  restartedMain] o.s.o.j.p.SpringPersistenceUnitInfo      : No LoadTimeWeaver setup: ignoring JPA class transformer
2025-11-08T09:53:55.076-07:00  WARN 51701 --- [  restartedMain] org.hibernate.orm.deprecation            : HHH90000025: H2Dialect does not need to be specified explicitly using 'hibernate.dialect' (remove the property setting and it will be selected by default)
2025-11-08T09:53:55.099-07:00  INFO 51701 --- [  restartedMain] o.h.e.t.j.p.i.JtaPlatformInitiator       : HHH000489: No JTA platform available (set 'hibernate.transaction.jta.platform' to enable JTA platform integration)
2025-11-08T09:53:55.099-07:00 DEBUG 51701 --- [  restartedMain] org.hibernate.SQL                        : 
    drop table if exists chapters cascade 
Hibernate: 
    drop table if exists chapters cascade 
2025-11-08T09:53:55.099-07:00 DEBUG 51701 --- [  restartedMain] org.hibernate.SQL                        : 
    drop table if exists events cascade 
Hibernate: 
    drop table if exists events cascade 
2025-11-08T09:53:55.099-07:00 DEBUG 51701 --- [  restartedMain] org.hibernate.SQL                        : 
    drop table if exists institutions cascade 
Hibernate: 
    drop table if exists institutions cascade 
2025-11-08T09:53:55.099-07:00 DEBUG 51701 --- [  restartedMain] org.hibernate.SQL                        : 
    drop table if exists members cascade 
Hibernate: 
    drop table if exists members cascade 
2025-11-08T09:53:55.099-07:00 DEBUG 51701 --- [  restartedMain] org.hibernate.SQL                        : 
    create table chapters (
        active boolean not null,
        created_at timestamp(6) not null,
        id bigint generated by default as identity,
        updated_at timestamp(6),
        state varchar(50) not null,
        city varchar(100) not null,
        name varchar(100) not null unique,
        university_name varchar(150) not null,
        description varchar(500),
        primary key (id)
    )
Hibernate: 
    create table chapters (
        active boolean not null,
        created_at timestamp(6) not null,
        id bigint generated by default as identity,
        updated_at timestamp(6),
        state varchar(50) not null,
        city varchar(100) not null,
        name varchar(100) not null unique,
        university_name varchar(150) not null,
        description varchar(500),
        primary key (id)
    )
2025-11-08T09:53:55.100-07:00 DEBUG 51701 --- [  restartedMain] org.hibernate.SQL                        : 
    create table events (
        active boolean not null,
        current_attendees integer,
        max_attendees integer,
        chapter_id bigint not null,
        created_at timestamp(6) not null,
        event_date_time timestamp(6) not null,
        id bigint generated by default as identity,
        updated_at timestamp(6),
        title varchar(150) not null,
        location varchar(200),
        description varchar(1000),
        type varchar(255) not null check (type in ('MEETING','SOCIAL','FUNDRAISER','VOLUNTEER','EDUCATIONAL','POLITICAL','NETWORKING','RECRUITMENT','OTHER')),
        primary key (id)
    )
Hibernate: 
    create table events (
        active boolean not null,
        current_attendees integer,
        max_attendees integer,
        chapter_id bigint not null,
        created_at timestamp(6) not null,
        event_date_time timestamp(6) not null,
        id bigint generated by default as identity,
        updated_at timestamp(6),
        title varchar(150) not null,
        location varchar(200),
        description varchar(1000),
        type varchar(255) not null check (type in ('MEETING','SOCIAL','FUNDRAISER','VOLUNTEER','EDUCATIONAL','POLITICAL','NETWORKING','RECRUITMENT','OTHER')),
        primary key (id)
    )
2025-11-08T09:53:55.100-07:00 DEBUG 51701 --- [  restartedMain] org.hibernate.SQL                        : 
    create table institutions (
        student_count integer,
        id bigint generated by default as identity,
        country varchar(255),
        location varchar(255),
        name varchar(255) not null,
        state varchar(255),
        type varchar(255),
        website varchar(255),
        primary key (id)
    )
Hibernate: 
    create table institutions (
        student_count integer,
        id bigint generated by default as identity,
        country varchar(255),
        location varchar(255),
        name varchar(255) not null,
        state varchar(255),
        type varchar(255),
        website varchar(255),
        primary key (id)
    )
2025-11-08T09:53:55.101-07:00 DEBUG 51701 --- [  restartedMain] org.hibernate.SQL                        : 
    create table members (
        active boolean not null,
        chapter_id bigint,
        created_at timestamp(6) not null,
        id bigint generated by default as identity,
        updated_at timestamp(6),
        phone_number varchar(15),
        graduation_year varchar(20),
        username varchar(30) unique,
        first_name varchar(50) not null,
        last_name varchar(50) not null,
        major varchar(50),
        email varchar(255) not null unique,
        password varchar(255),
        role varchar(255) not null check (role in ('PRESIDENT','VICE_PRESIDENT','SECRETARY','TREASURER','OFFICER','MEMBER')),
        primary key (id)
    )
Hibernate: 
    create table members (
        active boolean not null,
        chapter_id bigint,
        created_at timestamp(6) not null,
        id bigint generated by default as identity,
        updated_at timestamp(6),
        phone_number varchar(15),
        graduation_year varchar(20),
        username varchar(30) unique,
        first_name varchar(50) not null,
        last_name varchar(50) not null,
        major varchar(50),
        email varchar(255) not null unique,
        password varchar(255),
        role varchar(255) not null check (role in ('PRESIDENT','VICE_PRESIDENT','SECRETARY','TREASURER','OFFICER','MEMBER')),
        primary key (id)
    )
2025-11-08T09:53:55.101-07:00 DEBUG 51701 --- [  restartedMain] org.hibernate.SQL                        : 
    alter table if exists events 
       add constraint FKoh3x41cbsvxy46mbsb8baw2np 
       foreign key (chapter_id) 
       references chapters
Hibernate: 
    alter table if exists events 
       add constraint FKoh3x41cbsvxy46mbsb8baw2np 
       foreign key (chapter_id) 
       references chapters
2025-11-08T09:53:55.101-07:00 DEBUG 51701 --- [  restartedMain] org.hibernate.SQL                        : 
    alter table if exists members 
       add constraint FKdlonkpslhqtyoonq9c3aaqha 
       foreign key (chapter_id) 
       references chapters
Hibernate: 
    alter table if exists members 
       add constraint FKdlonkpslhqtyoonq9c3aaqha 
       foreign key (chapter_id) 
       references chapters
2025-11-08T09:53:55.102-07:00  INFO 51701 --- [  restartedMain] j.LocalContainerEntityManagerFactoryBean : Initialized JPA EntityManagerFactory for persistence unit 'default'
2025-11-08T09:53:55.207-07:00  WARN 51701 --- [  restartedMain] JpaBaseConfiguration$JpaWebConfiguration : spring.jpa.open-in-view is enabled by default. Therefore, database queries may be performed during view rendering. Explicitly configure spring.jpa.open-in-view to disable this warning
2025-11-08T09:53:55.219-07:00  INFO 51701 --- [  restartedMain] o.s.b.a.w.s.WelcomePageHandlerMapping    : Adding welcome page: class path resource [static/index.html]
2025-11-08T09:53:55.230-07:00  WARN 51701 --- [  restartedMain] ion$DefaultTemplateResolverConfiguration : Cannot find template location: classpath:/templates/ (please add some templates, check your Thymeleaf configuration, or set spring.thymeleaf.check-template-location=false)
2025-11-08T09:53:55.238-07:00  INFO 51701 --- [  restartedMain] o.s.b.d.a.OptionalLiveReloadServer       : LiveReload server is running on port 35729
2025-11-08T09:53:55.241-07:00  INFO 51701 --- [  restartedMain] o.s.b.w.embedded.tomcat.TomcatWebServer  : Tomcat started on port(s): 8080 (http) with context path ''
2025-11-08T09:53:55.242-07:00  INFO 51701 --- [  restartedMain] c.t.c.CampusChapterOrganizerApplication  : Started CampusChapterOrganizerApplication in 0.241 seconds (process running for 2963.174)
2025-11-08T09:53:55.242-07:00  INFO 51701 --- [  restartedMain] .ConditionEvaluationDeltaLoggingListener : Condition evaluation unchanged
2025-11-08T10:12:45.847-07:00  INFO 51701 --- [   File Watcher] rtingClassPathChangeChangedEventListener : Restarting due to 31 class path changes (0 additions, 0 deletions, 31 modifications)
2025-11-08T10:12:45.848-07:00  INFO 51701 --- [      Thread-20] o.apache.catalina.core.StandardService   : Stopping service [Tomcat]
2025-11-08T10:12:45.849-07:00  INFO 51701 --- [      Thread-20] j.LocalContainerEntityManagerFactoryBean : Closing JPA EntityManagerFactory for persistence unit 'default'
2025-11-08T10:12:45.849-07:00 DEBUG 51701 --- [      Thread-20] org.hibernate.SQL                        : 
    drop table if exists chapters cascade 
Hibernate: 
    drop table if exists chapters cascade 
2025-11-08T10:12:45.850-07:00 DEBUG 51701 --- [      Thread-20] org.hibernate.SQL                        : 
    drop table if exists events cascade 
Hibernate: 
    drop table if exists events cascade 
2025-11-08T10:12:45.850-07:00 DEBUG 51701 --- [      Thread-20] org.hibernate.SQL                        : 
    drop table if exists institutions cascade 
Hibernate: 
    drop table if exists institutions cascade 
2025-11-08T10:12:45.850-07:00 DEBUG 51701 --- [      Thread-20] org.hibernate.SQL                        : 
    drop table if exists members cascade 
Hibernate: 
    drop table if exists members cascade 
2025-11-08T10:12:46.051-07:00  WARN 51701 --- [      Thread-20] o.s.b.f.support.DisposableBeanAdapter    : Invocation of destroy method failed on bean with name 'inMemoryDatabaseShutdownExecutor': org.h2.jdbc.JdbcSQLNonTransientConnectionException: Database is already closed (to disable automatic closing at VM shutdown, add ";DB_CLOSE_ON_EXIT=FALSE" to the db URL) [90121-214]
2025-11-08T10:12:46.051-07:00  INFO 51701 --- [      Thread-20] com.zaxxer.hikari.HikariDataSource       : HikariPool-5 - Shutdown initiated...
2025-11-08T10:12:46.052-07:00  INFO 51701 --- [      Thread-20] com.zaxxer.hikari.HikariDataSource       : HikariPool-5 - Shutdown completed.

  .   ____          _            __ _ _
 /\\ / ___'_ __ _ _(_)_ __  __ _ \ \ \ \
( ( )\___ | '_ | '_| | '_ \/ _` | \ \ \ \
 \\/  ___)| |_)| | | | | || (_| |  ) ) ) )
  '  |____| .__|_| |_|_| |_\__, | / / / /
 =========|_|==============|___/=/_/_/_/
 :: Spring Boot ::                (v3.1.5)

2025-11-08T10:12:46.080-07:00  INFO 51701 --- [  restartedMain] c.t.c.CampusChapterOrganizerApplication  : Starting CampusChapterOrganizerApplication using Java 25 with PID 51701 (/Users/benh/Documents/StartAChapter/target/classes started by benh in /Users/benh/Documents/StartAChapter)
2025-11-08T10:12:46.080-07:00 DEBUG 51701 --- [  restartedMain] c.t.c.CampusChapterOrganizerApplication  : Running with Spring Boot v3.1.5, Spring v6.0.13
2025-11-08T10:12:46.080-07:00  INFO 51701 --- [  restartedMain] c.t.c.CampusChapterOrganizerApplication  : No active profile set, falling back to 1 default profile: "default"
2025-11-08T10:12:46.116-07:00  INFO 51701 --- [  restartedMain] .s.d.r.c.RepositoryConfigurationDelegate : Bootstrapping Spring Data JPA repositories in DEFAULT mode.
2025-11-08T10:12:46.120-07:00  INFO 51701 --- [  restartedMain] .s.d.r.c.RepositoryConfigurationDelegate : Finished Spring Data repository scanning in 3 ms. Found 4 JPA repository interfaces.
2025-11-08T10:12:46.151-07:00  INFO 51701 --- [  restartedMain] o.s.b.w.embedded.tomcat.TomcatWebServer  : Tomcat initialized with port(s): 8080 (http)
2025-11-08T10:12:46.151-07:00  INFO 51701 --- [  restartedMain] o.apache.catalina.core.StandardService   : Starting service [Tomcat]
2025-11-08T10:12:46.151-07:00  INFO 51701 --- [  restartedMain] o.apache.catalina.core.StandardEngine    : Starting Servlet engine: [Apache Tomcat/10.1.15]
2025-11-08T10:12:46.153-07:00  INFO 51701 --- [  restartedMain] o.a.c.c.C.[Tomcat].[localhost].[/]       : Initializing Spring embedded WebApplicationContext
2025-11-08T10:12:46.153-07:00  INFO 51701 --- [  restartedMain] w.s.c.ServletWebServerApplicationContext : Root WebApplicationContext: initialization completed in 73 ms
2025-11-08T10:12:46.159-07:00  INFO 51701 --- [  restartedMain] com.zaxxer.hikari.HikariDataSource       : HikariPool-6 - Starting...
2025-11-08T10:12:46.160-07:00  INFO 51701 --- [  restartedMain] com.zaxxer.hikari.pool.HikariPool        : HikariPool-6 - Added connection conn50: url=jdbc:h2:mem:chapterdb user=SA
2025-11-08T10:12:46.160-07:00  INFO 51701 --- [  restartedMain] com.zaxxer.hikari.HikariDataSource       : HikariPool-6 - Start completed.
2025-11-08T10:12:46.160-07:00  INFO 51701 --- [  restartedMain] o.s.b.a.h2.H2ConsoleAutoConfiguration    : H2 console available at '/h2-console'. Database available at 'jdbc:h2:mem:chapterdb'
2025-11-08T10:12:46.170-07:00  INFO 51701 --- [  restartedMain] o.hibernate.jpa.internal.util.LogHelper  : HHH000204: Processing PersistenceUnitInfo [name: default]
2025-11-08T10:12:46.171-07:00  INFO 51701 --- [  restartedMain] o.s.o.j.p.SpringPersistenceUnitInfo      : No LoadTimeWeaver setup: ignoring JPA class transformer
2025-11-08T10:12:46.171-07:00  WARN 51701 --- [  restartedMain] org.hibernate.orm.deprecation            : HHH90000025: H2Dialect does not need to be specified explicitly using 'hibernate.dialect' (remove the property setting and it will be selected by default)
2025-11-08T10:12:46.198-07:00  INFO 51701 --- [  restartedMain] o.h.e.t.j.p.i.JtaPlatformInitiator       : HHH000489: No JTA platform available (set 'hibernate.transaction.jta.platform' to enable JTA platform integration)
2025-11-08T10:12:46.199-07:00 DEBUG 51701 --- [  restartedMain] org.hibernate.SQL                        : 
    drop table if exists chapters cascade 
Hibernate: 
    drop table if exists chapters cascade 
2025-11-08T10:12:46.199-07:00 DEBUG 51701 --- [  restartedMain] org.hibernate.SQL                        : 
    drop table if exists events cascade 
Hibernate: 
    drop table if exists events cascade 
2025-11-08T10:12:46.199-07:00 DEBUG 51701 --- [  restartedMain] org.hibernate.SQL                        : 
    drop table if exists institutions cascade 
Hibernate: 
    drop table if exists institutions cascade 
2025-11-08T10:12:46.199-07:00 DEBUG 51701 --- [  restartedMain] org.hibernate.SQL                        : 
    drop table if exists members cascade 
Hibernate: 
    drop table if exists members cascade 
2025-11-08T10:12:46.199-07:00 DEBUG 51701 --- [  restartedMain] org.hibernate.SQL                        : 
    create table chapters (
        active boolean not null,
        created_at timestamp(6) not null,
        id bigint generated by default as identity,
        updated_at timestamp(6),
        state varchar(50) not null,
        city varchar(100) not null,
        name varchar(100) not null unique,
        university_name varchar(150) not null,
        description varchar(500),
        primary key (id)
    )
Hibernate: 
    create table chapters (
        active boolean not null,
        created_at timestamp(6) not null,
        id bigint generated by default as identity,
        updated_at timestamp(6),
        state varchar(50) not null,
        city varchar(100) not null,
        name varchar(100) not null unique,
        university_name varchar(150) not null,
        description varchar(500),
        primary key (id)
    )
2025-11-08T10:12:46.200-07:00 DEBUG 51701 --- [  restartedMain] org.hibernate.SQL                        : 
    create table events (
        active boolean not null,
        current_attendees integer,
        max_attendees integer,
        chapter_id bigint not null,
        created_at timestamp(6) not null,
        event_date_time timestamp(6) not null,
        id bigint generated by default as identity,
        updated_at timestamp(6),
        title varchar(150) not null,
        location varchar(200),
        description varchar(1000),
        type varchar(255) not null check (type in ('MEETING','SOCIAL','FUNDRAISER','VOLUNTEER','EDUCATIONAL','POLITICAL','NETWORKING','RECRUITMENT','OTHER')),
        primary key (id)
    )
Hibernate: 
    create table events (
        active boolean not null,
        current_attendees integer,
        max_attendees integer,
        chapter_id bigint not null,
        created_at timestamp(6) not null,
        event_date_time timestamp(6) not null,
        id bigint generated by default as identity,
        updated_at timestamp(6),
        title varchar(150) not null,
        location varchar(200),
        description varchar(1000),
        type varchar(255) not null check (type in ('MEETING','SOCIAL','FUNDRAISER','VOLUNTEER','EDUCATIONAL','POLITICAL','NETWORKING','RECRUITMENT','OTHER')),
        primary key (id)
    )
2025-11-08T10:12:46.200-07:00 DEBUG 51701 --- [  restartedMain] org.hibernate.SQL                        : 
    create table institutions (
        student_count integer,
        id bigint generated by default as identity,
        country varchar(255),
        location varchar(255),
        name varchar(255) not null,
        state varchar(255),
        type varchar(255),
        website varchar(255),
        primary key (id)
    )
Hibernate: 
    create table institutions (
        student_count integer,
        id bigint generated by default as identity,
        country varchar(255),
        location varchar(255),
        name varchar(255) not null,
        state varchar(255),
        type varchar(255),
        website varchar(255),
        primary key (id)
    )
2025-11-08T10:12:46.200-07:00 DEBUG 51701 --- [  restartedMain] org.hibernate.SQL                        : 
    create table members (
        active boolean not null,
        chapter_id bigint,
        created_at timestamp(6) not null,
        id bigint generated by default as identity,
        updated_at timestamp(6),
        phone_number varchar(15),
        graduation_year varchar(20),
        username varchar(30) unique,
        first_name varchar(50) not null,
        last_name varchar(50) not null,
        major varchar(50),
        email varchar(255) not null unique,
        password varchar(255),
        role varchar(255) not null check (role in ('PRESIDENT','VICE_PRESIDENT','SECRETARY','TREASURER','OFFICER','MEMBER')),
        primary key (id)
    )
Hibernate: 
    create table members (
        active boolean not null,
        chapter_id bigint,
        created_at timestamp(6) not null,
        id bigint generated by default as identity,
        updated_at timestamp(6),
        phone_number varchar(15),
        graduation_year varchar(20),
        username varchar(30) unique,
        first_name varchar(50) not null,
        last_name varchar(50) not null,
        major varchar(50),
        email varchar(255) not null unique,
        password varchar(255),
        role varchar(255) not null check (role in ('PRESIDENT','VICE_PRESIDENT','SECRETARY','TREASURER','OFFICER','MEMBER')),
        primary key (id)
    )
2025-11-08T10:12:46.201-07:00 DEBUG 51701 --- [  restartedMain] org.hibernate.SQL                        : 
    alter table if exists events 
       add constraint FKoh3x41cbsvxy46mbsb8baw2np 
       foreign key (chapter_id) 
       references chapters
Hibernate: 
    alter table if exists events 
       add constraint FKoh3x41cbsvxy46mbsb8baw2np 
       foreign key (chapter_id) 
       references chapters
2025-11-08T10:12:46.201-07:00 DEBUG 51701 --- [  restartedMain] org.hibernate.SQL                        : 
    alter table if exists members 
       add constraint FKdlonkpslhqtyoonq9c3aaqha 
       foreign key (chapter_id) 
       references chapters
Hibernate: 
    alter table if exists members 
       add constraint FKdlonkpslhqtyoonq9c3aaqha 
       foreign key (chapter_id) 
       references chapters
2025-11-08T10:12:46.202-07:00  INFO 51701 --- [  restartedMain] j.LocalContainerEntityManagerFactoryBean : Initialized JPA EntityManagerFactory for persistence unit 'default'
2025-11-08T10:12:46.315-07:00  WARN 51701 --- [  restartedMain] JpaBaseConfiguration$JpaWebConfiguration : spring.jpa.open-in-view is enabled by default. Therefore, database queries may be performed during view rendering. Explicitly configure spring.jpa.open-in-view to disable this warning
2025-11-08T10:12:46.329-07:00  INFO 51701 --- [  restartedMain] o.s.b.a.w.s.WelcomePageHandlerMapping    : Adding welcome page: class path resource [static/index.html]
2025-11-08T10:12:46.341-07:00  WARN 51701 --- [  restartedMain] ion$DefaultTemplateResolverConfiguration : Cannot find template location: classpath:/templates/ (please add some templates, check your Thymeleaf configuration, or set spring.thymeleaf.check-template-location=false)
2025-11-08T10:12:46.349-07:00  INFO 51701 --- [  restartedMain] o.s.b.d.a.OptionalLiveReloadServer       : LiveReload server is running on port 35729
2025-11-08T10:12:46.353-07:00  INFO 51701 --- [  restartedMain] o.s.b.w.embedded.tomcat.TomcatWebServer  : Tomcat started on port(s): 8080 (http) with context path ''
2025-11-08T10:12:46.354-07:00  INFO 51701 --- [  restartedMain] c.t.c.CampusChapterOrganizerApplication  : Started CampusChapterOrganizerApplication in 0.28 seconds (process running for 4094.294)
2025-11-08T10:12:46.354-07:00  INFO 51701 --- [  restartedMain] .ConditionEvaluationDeltaLoggingListener : Condition evaluation unchanged
[INFO] ------------------------------------------------------------------------
[INFO] BUILD FAILURE
[INFO] ------------------------------------------------------------------------
[INFO] Total time:  01:08 h
[INFO] Finished at: 2025-11-08T10:13:04-07:00
[INFO] ------------------------------------------------------------------------
[ERROR] Failed to execute goal org.springframework.boot:spring-boot-maven-plugin:3.1.5:run (default-cli) on project campus-chapter-organizer: Process terminated with exit code: 137 -> [Help 1]
[ERROR] 
[ERROR] To see the full stack trace of the errors, re-run Maven with the -e switch.
[ERROR] Re-run Maven using the -X switch to enable full debug logging.
[ERROR] 
[ERROR] For more information about the errors and possible solutions, please read the following articles:
[ERROR] [Help 1] http://cwiki.apache.org/confluence/display/MAVEN/MojoExecutionException
